  0
SECTION
  2
HEADER
  9
$ACADVER
  1
AC1024
  9
$ACADMAINTVER
 70
6
  9
$DWGCODEPAGE
  3
ANSI_1252
  9
$LASTSAVEDBY
  1
ezdxf
  9
$INSBASE
 10
0.0
 20
0.0
 30
0.0
  9
$EXTMIN
 10
1e+20
 20
1e+20
 30
1e+20
  9
$EXTMAX
 10
-1e+20
 20
-1e+20
 30
-1e+20
  9
$LIMMIN
 10
0.0
 20
0.0
  9
$LIMMAX
 10
420.0
 20
297.0
  9
$ORTHOMODE
 70
0
  9
$REGENMODE
 70
1
  9
$FILLMODE
 70
1
  9
$QTEXTMODE
 70
0
  9
$MIRRTEXT
 70
1
  9
$LTSCALE
 40
1.0
  9
$ATTMODE
 70
1
  9
$TEXTSIZE
 40
2.5
  9
$TRACEWID
 40
1.0
  9
$TEXTSTYLE
  7
Standard
  9
$CLAYER
  8
0
  9
$CELTYPE
  6
ByLayer
  9
$CECOLOR
 62
256
  9
$CELTSCALE
 40
1.0
  9
$DISPSILH
 70
0
  9
$DIMSCALE
 40
1.0
  9
$DIMASZ
 40
2.5
  9
$DIMEXO
 40
0.625
  9
$DIMDLI
 40
3.75
  9
$DIMRND
 40
0.0
  9
$DIMDLE
 40
0.0
  9
$DIMEXE
 40
1.25
  9
$DIMTP
 40
0.0
  9
$DIMTM
 40
0.0
  9
$DIMTXT
 40
2.5
  9
$DIMCEN
 40
2.5
  9
$DIMTSZ
 40
0.0
  9
$DIMTOL
 70
0
  9
$DIMLIM
 70
0
  9
$DIMTIH
 70
0
  9
$DIMTOH
 70
0
  9
$DIMSE1
 70
0
  9
$DIMSE2
 70
0
  9
$DIMTAD
 70
1
  9
$DIMZIN
 70
8
  9
$DIMBLK
  1

  9
$DIMASO
 70
1
  9
$DIMSHO
 70
1
  9
$DIMPOST
  1

  9
$DIMAPOST
  1

  9
$DIMALT
 70
0
  9
$DIMALTD
 70
3
  9
$DIMALTF
 40
0.03937007874
  9
$DIMLFAC
 40
1.0
  9
$DIMTOFL
 70
1
  9
$DIMTVP
 40
0.0
  9
$DIMTIX
 70
0
  9
$DIMSOXD
 70
0
  9
$DIMSAH
 70
0
  9
$DIMBLK1
  1

  9
$DIMBLK2
  1

  9
$DIMSTYLE
  2
ISO-25
  9
$DIMCLRD
 70
0
  9
$DIMCLRE
 70
0
  9
$DIMCLRT
 70
0
  9
$DIMTFAC
 40
1.0
  9
$DIMGAP
 40
0.625
  9
$DIMJUST
 70
0
  9
$DIMSD1
 70
0
  9
$DIMSD2
 70
0
  9
$DIMTOLJ
 70
0
  9
$DIMTZIN
 70
8
  9
$DIMALTZ
 70
0
  9
$DIMALTTZ
 70
0
  9
$DIMUPT
 70
0
  9
$DIMDEC
 70
2
  9
$DIMTDEC
 70
2
  9
$DIMALTU
 70
2
  9
$DIMALTTD
 70
3
  9
$DIMTXSTY
  7
Standard
  9
$DIMAUNIT
 70
0
  9
$DIMADEC
 70
0
  9
$DIMALTRND
 40
0.0
  9
$DIMAZIN
 70
0
  9
$DIMDSEP
 70
44
  9
$DIMATFIT
 70
3
  9
$DIMFRAC
 70
0
  9
$DIMLDRBLK
  1

  9
$DIMLUNIT
 70
2
  9
$DIMLWD
 70
-2
  9
$DIMLWE
 70
-2
  9
$DIMTMOVE
 70
0
  9
$DIMFXL
 40
1.0
  9
$DIMFXLON
 70
0
  9
$DIMJOGANG
 40
0.785398163397
  9
$DIMTFILL
 70
0
  9
$DIMTFILLCLR
 70
0
  9
$DIMARCSYM
 70
0
  9
$DIMLTYPE
  6

  9
$DIMLTEX1
  6

  9
$DIMLTEX2
  6

  9
$DIMTXTDIRECTION
 70
0
  9
$LUNITS
 70
2
  9
$LUPREC
 70
4
  9
$SKETCHINC
 40
1.0
  9
$FILLETRAD
 40
10.0
  9
$AUNITS
 70
0
  9
$AUPREC
 70
2
  9
$MENU
  1
.
  9
$ELEVATION
 40
0.0
  9
$PELEVATION
 40
0.0
  9
$THICKNESS
 40
0.0
  9
$LIMCHECK
 70
0
  9
$CHAMFERA
 40
0.0
  9
$CHAMFERB
 40
0.0
  9
$CHAMFERC
 40
0.0
  9
$CHAMFERD
 40
0.0
  9
$SKPOLY
 70
0
  9
$TDCREATE
 40
2461299.5231712963
  9
$TDUCREATE
 40
2458532.153996898
  9
$TDUPDATE
 40
2461299.5231712963
  9
$TDUUPDATE
 40
2458532.1544311
  9
$TDINDWG
 40
0.0
  9
$TDUSRTIMER
 40
0.0
  9
$USRTIMER
 70
1
  9
$ANGBASE
 50
0.0
  9
$ANGDIR
 70
0
  9
$PDMODE
 70
0
  9
$PDSIZE
 40
0.0
  9
$PLINEWID
 40
0.0
  9
$SPLFRAME
 70
0
  9
$SPLINETYPE
 70
6
  9
$SPLINESEGS
 70
8
  9
$HANDSEED
  5
568
  9
$SURFTAB1
 70
6
  9
$SURFTAB2
 70
6
  9
$SURFTYPE
 70
6
  9
$SURFU
 70
6
  9
$SURFV
 70
6
  9
$UCSBASE
  2

  9
$UCSNAME
  2

  9
$UCSORG
 10
0.0
 20
0.0
 30
0.0
  9
$UCSXDIR
 10
1.0
 20
0.0
 30
0.0
  9
$UCSYDIR
 10
0.0
 20
1.0
 30
0.0
  9
$UCSORTHOREF
  2

  9
$UCSORTHOVIEW
 70
0
  9
$UCSORGTOP
 10
0.0
 20
0.0
 30
0.0
  9
$UCSORGBOTTOM
 10
0.0
 20
0.0
 30
0.0
  9
$UCSORGLEFT
 10
0.0
 20
0.0
 30
0.0
  9
$UCSORGRIGHT
 10
0.0
 20
0.0
 30
0.0
  9
$UCSORGFRONT
 10
0.0
 20
0.0
 30
0.0
  9
$UCSORGBACK
 10
0.0
 20
0.0
 30
0.0
  9
$PUCSBASE
  2

  9
$PUCSNAME
  2

  9
$PUCSORG
 10
0.0
 20
0.0
 30
0.0
  9
$PUCSXDIR
 10
1.0
 20
0.0
 30
0.0
  9
$PUCSYDIR
 10
0.0
 20
1.0
 30
0.0
  9
$PUCSORTHOREF
  2

  9
$PUCSORTHOVIEW
 70
0
  9
$PUCSORGTOP
 10
0.0
 20
0.0
 30
0.0
  9
$PUCSORGBOTTOM
 10
0.0
 20
0.0
 30
0.0
  9
$PUCSORGLEFT
 10
0.0
 20
0.0
 30
0.0
  9
$PUCSORGRIGHT
 10
0.0
 20
0.0
 30
0.0
  9
$PUCSORGFRONT
 10
0.0
 20
0.0
 30
0.0
  9
$PUCSORGBACK
 10
0.0
 20
0.0
 30
0.0
  9
$USERI1
 70
0
  9
$USERI2
 70
0
  9
$USERI3
 70
0
  9
$USERI4
 70
0
  9
$USERI5
 70
0
  9
$USERR1
 40
0.0
  9
$USERR2
 40
0.0
  9
$USERR3
 40
0.0
  9
$USERR4
 40
0.0
  9
$USERR5
 40
0.0
  9
$WORLDVIEW
 70
1
  9
$SHADEDGE
 70
3
  9
$SHADEDIF
 70
70
  9
$TILEMODE
 70
1
  9
$MAXACTVP
 70
64
  9
$PINSBASE
 10
0.0
 20
0.0
 30
0.0
  9
$PLIMCHECK
 70
0
  9
$PEXTMIN
 10
1e+20
 20
1e+20
 30
1e+20
  9
$PEXTMAX
 10
-1e+20
 20
-1e+20
 30
-1e+20
  9
$PLIMMIN
 10
0.0
 20
0.0
  9
$PLIMMAX
 10
420.0
 20
297.0
  9
$UNITMODE
 70
0
  9
$VISRETAIN
 70
1
  9
$PLINEGEN
 70
0
  9
$PSLTSCALE
 70
1
  9
$TREEDEPTH
 70
3020
  9
$CMLSTYLE
  2
Standard
  9
$CMLJUST
 70
0
  9
$CMLSCALE
 40
20.0
  9
$PROXYGRAPHICS
 70
1
  9
$MEASUREMENT
 70
1
  9
$CELWEIGHT
370
-1
  9
$ENDCAPS
280
0
  9
$JOINSTYLE
280
0
  9
$LWDISPLAY
290
0
  9
$INSUNITS
 70
6
  9
$HYPERLINKBASE
  1

  9
$STYLESHEET
  1

  9
$XEDIT
290
1
  9
$CEPSNTYPE
380
0
  9
$PSTYLEMODE
290
1
  9
$FINGERPRINTGUID
  2
{6EA0B8E3-8C7B-42CE-A260-ADA5158A6CB7}
  9
$VERSIONGUID
  2
{985CCC9A-0A10-48B3-ABC8-1684058D0FA5}
  9
$EXTNAMES
290
1
  9
$PSVPSCALE
 40
0.0
  9
$OLESTARTUP
290
0
  9
$SORTENTS
280
127
  9
$INDEXCTL
280
0
  9
$HIDETEXT
280
1
  9
$XCLIPFRAME
280
1
  9
$HALOGAP
280
0
  9
$OBSCOLOR
 70
257
  9
$OBSLTYPE
280
0
  9
$INTERSECTIONDISPLAY
280
0
  9
$INTERSECTIONCOLOR
 70
257
  9
$DIMASSOC
280
2
  9
$PROJECTNAME
  1

  9
$CAMERADISPLAY
290
0
  9
$LENSLENGTH
 40
50.0
  9
$CAMERAHEIGHT
 40
0.0
  9
$STEPSPERSEC
 40
24.0
  9
$STEPSIZE
 40
100.0
  9
$3DDWFPREC
 40
2.0
  9
$PSOLWIDTH
 40
0.005
  9
$PSOLHEIGHT
 40
0.08
  9
$LOFTANG1
 40
1.570796326795
  9
$LOFTANG2
 40
1.570796326795
  9
$LOFTMAG1
 40
0.0
  9
$LOFTMAG2
 40
0.0
  9
$LOFTPARAM
 70
7
  9
$LOFTNORMALS
280
1
  9
$LATITUDE
 40
37.795
  9
$LONGITUDE
 40
-122.394
  9
$NORTHDIRECTION
 40
0.0
  9
$TIMEZONE
 70
-8000
  9
$LIGHTGLYPHDISPLAY
280
1
  9
$TILEMODELIGHTSYNCH
280
1
  9
$CMATERIAL
347
20
  9
$SOLIDHIST
280
0
  9
$SHOWHIST
280
1
  9
$DWFFRAME
280
2
  9
$DGNFRAME
280
2
  9
$REALWORLDSCALE
290
1
  9
$INTERFERECOLOR
 62
256
  9
$CSHADOW
280
0
  9
$SHADOWPLANELOCATION
 40
0.0
  0
ENDSEC
  0
SECTION
  2
CLASSES
  0
CLASS
  1
ACDBDICTIONARYWDFLT
  2
AcDbDictionaryWithDefault
  3
ObjectDBX Classes
 90
0
 91
0
280
0
281
0
  0
CLASS
  1
SUN
  2
AcDbSun
  3
SCENEOE
 90
1153
 91
0
280
0
281
0
  0
CLASS
  1
VISUALSTYLE
  2
AcDbVisualStyle
  3
ObjectDBX Classes
 90
4095
 91
0
280
0
281
0
  0
CLASS
  1
MATERIAL
  2
AcDbMaterial
  3
ObjectDBX Classes
 90
1153
 91
0
280
0
281
0
  0
CLASS
  1
SCALE
  2
AcDbScale
  3
ObjectDBX Classes
 90
1153
 91
0
280
0
281
0
  0
CLASS
  1
TABLESTYLE
  2
AcDbTableStyle
  3
ObjectDBX Classes
 90
4095
 91
0
280
0
281
0
  0
CLASS
  1
MLEADERSTYLE
  2
AcDbMLeaderStyle
  3
ACDB_MLEADERSTYLE_CLASS
 90
4095
 91
0
280
0
281
0
  0
CLASS
  1
DICTIONARYVAR
  2
AcDbDictionaryVar
  3
ObjectDBX Classes
 90
0
 91
0
280
0
281
0
  0
CLASS
  1
CELLSTYLEMAP
  2
AcDbCellStyleMap
  3
ObjectDBX Classes
 90
1152
 91
0
280
0
281
0
  0
CLASS
  1
MENTALRAYRENDERSETTINGS
  2
AcDbMentalRayRenderSettings
  3
SCENEOE
 90
1024
 91
0
280
0
281
0
  0
CLASS
  1
ACDBDETAILVIEWSTYLE
  2
AcDbDetailViewStyle
  3
ObjectDBX Classes
 90
1025
 91
0
280
0
281
0
  0
CLASS
  1
ACDBSECTIONVIEWSTYLE
  2
AcDbSectionViewStyle
  3
ObjectDBX Classes
 90
1025
 91
0
280
0
281
0
  0
CLASS
  1
RASTERVARIABLES
  2
AcDbRasterVariables
  3
ISM
 90
0
 91
0
280
0
281
0
  0
CLASS
  1
ACDBPLACEHOLDER
  2
AcDbPlaceHolder
  3
ObjectDBX Classes
 90
0
 91
0
280
0
281
0
  0
CLASS
  1
LAYOUT
  2
AcDbLayout
  3
ObjectDBX Classes
 90
0
 91
0
280
0
281
0
  0
ENDSEC
  0
SECTION
  2
TABLES
  0
TABLE
  2
VPORT
  5
8
330
0
100
AcDbSymbolTable
 70
1
  0
VPORT
  5
23
330
8
100
AcDbSymbolTableRecord
100
AcDbViewportTableRecord
  2
*Active
 70
0
 10
0.0
 20
0.0
 11
1.0
 21
1.0
 12
0.0
 22
0.0
 13
0.0
 23
0.0
 14
0.5
 24
0.5
 15
0.5
 25
0.5
 16
0.0
 26
0.0
 36
1.0
 17
0.0
 27
0.0
 37
0.0
 40
1000.0
 41
1.34
 42
50.0
 43
0.0
 44
0.0
 50
0.0
 51
0.0
 71
0
 72
1000
 73
1
 74
3
 75
0
 76
0
 77
0
 78
0
281
0
 65
0
146
0.0
  0
ENDTAB
  0
TABLE
  2
LTYPE
  5
2
330
0
100
AcDbSymbolTable
 70
3
  0
LTYPE
  5
24
330
2
100
AcDbSymbolTableRecord
100
AcDbLinetypeTableRecord
  2
ByBlock
 70
0
  3

 72
65
 73
0
 40
0.0
  0
LTYPE
  5
25
330
2
100
AcDbSymbolTableRecord
100
AcDbLinetypeTableRecord
  2
ByLayer
 70
0
  3

 72
65
 73
0
 40
0.0
  0
LTYPE
  5
26
330
2
100
AcDbSymbolTableRecord
100
AcDbLinetypeTableRecord
  2
Continuous
 70
0
  3

 72
65
 73
0
 40
0.0
  0
ENDTAB
  0
TABLE
  2
LAYER
  5
1
330
0
100
AcDbSymbolTable
 70
14
  0
LAYER
  5
27
330
1
100
AcDbSymbolTableRecord
100
AcDbLayerTableRecord
  2
0
 70
0
 62
7
  6
Continuous
370
-3
390
13
347
21
  0
LAYER
  5
28
330
1
100
AcDbSymbolTableRecord
100
AcDbLayerTableRecord
  2
Defpoints
 70
0
 62
7
  6
Continuous
290
0
370
-3
390
13
347
21
  0
LAYER
  5
2F
330
1
100
AcDbSymbolTableRecord
100
AcDbLayerTableRecord
  2
F6_COMP_AU_00_01
 70
0
 62
3
  6
Continuous
370
-3
390
13
347
21
  0
LAYER
  5
30
330
1
100
AcDbSymbolTableRecord
100
AcDbLayerTableRecord
  2
F6_GRID_AU_00_01
 70
0
 62
3
  6
Continuous
370
-3
390
13
347
21
  0
LAYER
  5
31
330
1
100
AcDbSymbolTableRecord
100
AcDbLayerTableRecord
  2
F6_COMP_AU_01_05
 70
0
 62
4
  6
Continuous
370
-3
390
13
347
21
  0
LAYER
  5
32
330
1
100
AcDbSymbolTableRecord
100
AcDbLayerTableRecord
  2
F6_GRID_AU_01_05
 70
0
 62
4
  6
Continuous
370
-3
390
13
347
21
  0
LAYER
  5
33
330
1
100
AcDbSymbolTableRecord
100
AcDbLayerTableRecord
  2
F6_COMP_AU_05_15
 70
0
 62
2
  6
Continuous
370
-3
390
13
347
21
  0
LAYER
  5
34
330
1
100
AcDbSymbolTableRecord
100
AcDbLayerTableRecord
  2
F6_GRID_AU_05_15
 70
0
 62
2
  6
Continuous
370
-3
390
13
347
21
  0
LAYER
  5
35
330
1
100
AcDbSymbolTableRecord
100
AcDbLayerTableRecord
  2
F6_COMP_AU_15_50
 70
0
 62
30
  6
Continuous
370
-3
390
13
347
21
  0
LAYER
  5
36
330
1
100
AcDbSymbolTableRecord
100
AcDbLayerTableRecord
  2
F6_GRID_AU_15_50
 70
0
 62
30
  6
Continuous
370
-3
390
13
347
21
  0
LAYER
  5
37
330
1
100
AcDbSymbolTableRecord
100
AcDbLayerTableRecord
  2
F6_COMP_AU_GE_50
 70
0
 62
1
  6
Continuous
370
-3
390
13
347
21
  0
LAYER
  5
38
330
1
100
AcDbSymbolTableRecord
100
AcDbLayerTableRecord
  2
F6_GRID_AU_GE_50
 70
0
 62
1
  6
Continuous
370
-3
390
13
347
21
  0
LAYER
  5
39
330
1
100
AcDbSymbolTableRecord
100
AcDbLayerTableRecord
  2
F6_TRAZAS_MUESTREO
 70
0
 62
7
  6
Continuous
370
-3
390
13
347
21
  0
LAYER
  5
3A
330
1
100
AcDbSymbolTableRecord
100
AcDbLayerTableRecord
  2
F6_ETIQUETAS
 70
0
 62
-8
  6
Continuous
370
-3
390
13
347
21
  0
ENDTAB
  0
TABLE
  2
STYLE
  5
5
330
0
100
AcDbSymbolTable
 70
1
  0
STYLE
  5
29
330
5
100
AcDbSymbolTableRecord
100
AcDbTextStyleTableRecord
  2
Standard
 70
0
 40
0.0
 41
1.0
 50
0.0
 71
0
 42
2.5
  3
txt
  4

  0
ENDTAB
  0
TABLE
  2
VIEW
  5
7
330
0
100
AcDbSymbolTable
 70
0
  0
ENDTAB
  0
TABLE
  2
UCS
  5
6
330
0
100
AcDbSymbolTable
 70
0
  0
ENDTAB
  0
TABLE
  2
APPID
  5
3
330
0
100
AcDbSymbolTable
 70
3
  0
APPID
  5
2A
330
3
100
AcDbSymbolTableRecord
100
AcDbRegAppTableRecord
  2
ACAD
 70
0
  0
APPID
  5
565
330
3
100
AcDbSymbolTableRecord
100
AcDbRegAppTableRecord
  2
HATCHBACKGROUNDCOLOR
 70
0
  0
APPID
  5
566
330
3
100
AcDbSymbolTableRecord
100
AcDbRegAppTableRecord
  2
EZDXF
 70
0
  0
ENDTAB
  0
TABLE
  2
DIMSTYLE
  5
4
330
0
100
AcDbSymbolTable
 70
1
100
AcDbDimStyleTable
  0
DIMSTYLE
105
2B
330
4
100
AcDbSymbolTableRecord
100
AcDbDimStyleTableRecord
  2
Standard
 70
0
 40
1.0
 41
2.5
 42
0.625
 43
3.75
 44
1.25
 45
0.0
 46
0.0
 47
0.0
 48
0.0
 49
2.5
140
2.5
141
2.5
142
0.0
143
0.03937007874
144
1.0
145
0.0
146
1.0
147
0.625
148
0.0
 69
0
 70
0
 71
0
 72
0
 73
0
 74
0
 75
0
 76
0
 77
1
 78
8
 79
3
170
0
171
3
172
1
173
0
174
0
175
0
176
0
177
0
178
0
179
2
271
2
272
2
273
2
274
3
275
0
276
0
277
2
278
44
279
0
280
0
281
0
282
0
283
0
284
8
285
0
286
0
288
0
289
3
290
0
371
-2
372
-2
  0
ENDTAB
  0
TABLE
  2
BLOCK_RECORD
  5
9
330
0
100
AcDbSymbolTable
 70
2
  0
BLOCK_RECORD
  5
17
330
9
100
AcDbSymbolTableRecord
100
AcDbBlockTableRecord
  2
*Model_Space
340
1A
 70
0
280
1
281
0
  0
BLOCK_RECORD
  5
1B
330
9
100
AcDbSymbolTableRecord
100
AcDbBlockTableRecord
  2
*Paper_Space
340
1E
 70
0
280
1
281
0
  0
ENDTAB
  0
ENDSEC
  0
SECTION
  2
BLOCKS
  0
BLOCK
  5
18
330
17
100
AcDbEntity
  8
0
100
AcDbBlockBegin
  2
*Model_Space
 70
0
 10
0.0
 20
0.0
 30
0.0
  3
*Model_Space
  1

  0
ENDBLK
  5
19
330
17
100
AcDbEntity
  8
0
100
AcDbBlockEnd
  0
BLOCK
  5
1C
330
1B
100
AcDbEntity
  8
0
100
AcDbBlockBegin
  2
*Paper_Space
 70
0
 10
0.0
 20
0.0
 30
0.0
  3
*Paper_Space
  1

  0
ENDBLK
  5
1D
330
1B
100
AcDbEntity
  8
0
100
AcDbBlockEnd
  0
ENDSEC
  0
SECTION
  2
ENTITIES
  0
POINT
  5
3B
330
17
100
AcDbEntity
  8
F6_COMP_AU_15_50
100
AcDbPoint
 10
0.0
 20
52.681099999696016
 30
109.24699999999996
  0
CIRCLE
  5
3C
330
17
100
AcDbEntity
  8
F6_COMP_AU_15_50
100
AcDbCircle
 10
0.0
 20
52.681099999696016
 30
109.24699999999996
 40
0.35
  0
POINT
  5
3D
330
17
100
AcDbEntity
  8
F6_COMP_AU_01_05
100
AcDbPoint
 10
1.9201999999349937
 20
52.121600000187755
 30
109.24699999999996
  0
CIRCLE
  5
3E
330
17
100
AcDbEntity
  8
F6_COMP_AU_01_05
100
AcDbCircle
 10
1.9201999999349937
 20
52.121600000187755
 30
109.24699999999996
 40
0.35
  0
POINT
  5
3F
330
17
100
AcDbEntity
  8
F6_COMP_AU_05_15
100
AcDbPoint
 10
3.8402999999234453
 20
51.561999999918044
 30
109.24699999999996
  0
CIRCLE
  5
40
330
17
100
AcDbEntity
  8
F6_COMP_AU_05_15
100
AcDbCircle
 10
3.8402999999234453
 20
51.561999999918044
 30
109.24699999999996
 40
0.35
  0
POINT
  5
41
330
17
100
AcDbEntity
  8
F6_COMP_AU_01_05
100
AcDbPoint
 10
5.756399999954738
 20
50.988599999807775
 30
109.24699999999996
  0
CIRCLE
  5
42
330
17
100
AcDbEntity
  8
F6_COMP_AU_01_05
100
AcDbCircle
 10
5.756399999954738
 20
50.988599999807775
 30
109.24699999999996
 40
0.35
  0
POINT
  5
43
330
17
100
AcDbEntity
  8
F6_COMP_AU_00_01
100
AcDbPoint
 10
7.675700000021607
 20
50.4281000001356
 30
109.24699999999996
  0
CIRCLE
  5
44
330
17
100
AcDbEntity
  8
F6_COMP_AU_00_01
100
AcDbCircle
 10
7.675700000021607
 20
50.4281000001356
 30
109.24699999999996
 40
0.35
  0
POINT
  5
45
330
17
100
AcDbEntity
  8
F6_COMP_AU_00_01
100
AcDbPoint
 10
9.630000000004657
 20
50.00300000049174
 30
109.24699999999996
  0
CIRCLE
  5
46
330
17
100
AcDbEntity
  8
F6_COMP_AU_00_01
100
AcDbCircle
 10
9.630000000004657
 20
50.00300000049174
 30
109.24699999999996
 40
0.35
  0
POINT
  5
47
330
17
100
AcDbEntity
  8
F6_COMP_AU_00_01
100
AcDbPoint
 10
11.216316417674534
 20
52.52306155394763
 30
51.84699999999998
  0
CIRCLE
  5
48
330
17
100
AcDbEntity
  8
F6_COMP_AU_00_01
100
AcDbCircle
 10
11.216316417674534
 20
52.52306155394763
 30
51.84699999999998
 40
0.35
  0
POINT
  5
49
330
17
100
AcDbEntity
  8
F6_COMP_AU_00_01
100
AcDbPoint
 10
11.572799999965355
 20
49.53859999962151
 30
109.24699999999996
  0
CIRCLE
  5
4A
330
17
100
AcDbEntity
  8
F6_COMP_AU_00_01
100
AcDbCircle
 10
11.572799999965355
 20
49.53859999962151
 30
109.24699999999996
 40
0.35
  0
POINT
  5
4B
330
17
100
AcDbEntity
  8
F6_COMP_AU_00_01
100
AcDbPoint
 10
13.15077096002642
 20
52.015237151645124
 30
51.84699999999998
  0
CIRCLE
  5
4C
330
17
100
AcDbEntity
  8
F6_COMP_AU_00_01
100
AcDbCircle
 10
13.15077096002642
 20
52.015237151645124
 30
51.84699999999998
 40
0.35
  0
POINT
  5
4D
330
17
100
AcDbEntity
  8
F6_COMP_AU_05_15
100
AcDbPoint
 10
13.449799999943934
 20
48.84790000040084
 30
109.24699999999996
  0
CIRCLE
  5
4E
330
17
100
AcDbEntity
  8
F6_COMP_AU_05_15
100
AcDbCircle
 10
13.449799999943934
 20
48.84790000040084
 30
109.24699999999996
 40
0.35
  0
POINT
  5
4F
330
17
100
AcDbEntity
  8
F6_COMP_AU_01_05
100
AcDbPoint
 10
14.594700000016019
 20
48.32589999958873
 30
58.0098999999999
  0
CIRCLE
  5
50
330
17
100
AcDbEntity
  8
F6_COMP_AU_01_05
100
AcDbCircle
 10
14.594700000016019
 20
48.32589999958873
 30
58.0098999999999
 40
0.35
  0
POINT
  5
51
330
17
100
AcDbEntity
  8
F6_COMP_AU_00_01
100
AcDbPoint
 10
15.135119104990736
 20
51.82399496808648
 30
51.84699999999998
  0
CIRCLE
  5
52
330
17
100
AcDbEntity
  8
F6_COMP_AU_00_01
100
AcDbCircle
 10
15.135119104990736
 20
51.82399496808648
 30
51.84699999999998
 40
0.35
  0
POINT
  5
53
330
17
100
AcDbEntity
  8
F6_COMP_AU_05_15
100
AcDbPoint
 10
16.586000000010245
 20
48.15110000036657
 30
58.0098999999999
  0
CIRCLE
  5
54
330
17
100
AcDbEntity
  8
F6_COMP_AU_05_15
100
AcDbCircle
 10
16.586000000010245
 20
48.15110000036657
 30
58.0098999999999
 40
0.35
  0
POINT
  5
55
330
17
100
AcDbEntity
  8
F6_COMP_AU_15_50
100
AcDbPoint
 10
17.119959214585833
 20
51.59051546640694
 30
51.84699999999998
  0
CIRCLE
  5
56
330
17
100
AcDbEntity
  8
F6_COMP_AU_15_50
100
AcDbCircle
 10
17.119959214585833
 20
51.59051546640694
 30
51.84699999999998
 40
0.35
  0
POINT
  5
57
330
17
100
AcDbEntity
  8
F6_COMP_AU_05_15
100
AcDbPoint
 10
19.256555730476975
 20
51.70864383969456
 30
51.84699999999998
  0
CIRCLE
  5
58
330
17
100
AcDbEntity
  8
F6_COMP_AU_05_15
100
AcDbCircle
 10
19.256555730476975
 20
51.70864383969456
 30
51.84699999999998
 40
0.35
  0
POINT
  5
59
330
17
100
AcDbEntity
  8
F6_COMP_AU_05_15
100
AcDbPoint
 10
20.908634254476056
 20
52.49741495214403
 30
51.84699999999998
  0
CIRCLE
  5
5A
330
17
100
AcDbEntity
  8
F6_COMP_AU_05_15
100
AcDbCircle
 10
20.908634254476056
 20
52.49741495214403
 30
51.84699999999998
 40
0.35
  0
POINT
  5
5B
330
17
100
AcDbEntity
  8
F6_COMP_AU_15_50
100
AcDbPoint
 10
22.391471189330332
 20
53.80543035827577
 30
51.84699999999998
  0
CIRCLE
  5
5C
330
17
100
AcDbEntity
  8
F6_COMP_AU_15_50
100
AcDbCircle
 10
22.391471189330332
 20
53.80543035827577
 30
51.84699999999998
 40
0.35
  0
POINT
  5
5D
330
17
100
AcDbEntity
  8
F6_COMP_AU_GE_50
100
AcDbPoint
 10
24.294706722954288
 20
54.443118292838335
 30
51.84699999999998
  0
CIRCLE
  5
5E
330
17
100
AcDbEntity
  8
F6_COMP_AU_GE_50
100
AcDbCircle
 10
24.294706722954288
 20
54.443118292838335
 30
51.84699999999998
 40
0.35
  0
POINT
  5
5F
330
17
100
AcDbEntity
  8
F6_COMP_AU_01_05
100
AcDbPoint
 10
24.803799999994226
 20
54.043600000441074
 30
57.05939999999998
  0
CIRCLE
  5
60
330
17
100
AcDbEntity
  8
F6_COMP_AU_01_05
100
AcDbCircle
 10
24.803799999994226
 20
54.043600000441074
 30
57.05939999999998
 40
0.35
  0
POINT
  5
61
330
17
100
AcDbEntity
  8
F6_COMP_AU_05_15
100
AcDbPoint
 10
26.17704373691231
 20
55.08697970956564
 30
51.84699999999998
  0
CIRCLE
  5
62
330
17
100
AcDbEntity
  8
F6_COMP_AU_05_15
100
AcDbCircle
 10
26.17704373691231
 20
55.08697970956564
 30
51.84699999999998
 40
0.35
  0
POINT
  5
63
330
17
100
AcDbEntity
  8
F6_COMP_AU_00_01
100
AcDbPoint
 10
26.807700000004843
 20
54.18769999966025
 30
57.04289999999992
  0
CIRCLE
  5
64
330
17
100
AcDbEntity
  8
F6_COMP_AU_00_01
100
AcDbCircle
 10
26.807700000004843
 20
54.18769999966025
 30
57.04289999999992
 40
0.35
  0
POINT
  5
65
330
17
100
AcDbEntity
  8
F6_COMP_AU_05_15
100
AcDbPoint
 10
28.158796768984757
 20
55.32755241822451
 30
51.84699999999998
  0
CIRCLE
  5
66
330
17
100
AcDbEntity
  8
F6_COMP_AU_05_15
100
AcDbCircle
 10
28.158796768984757
 20
55.32755241822451
 30
51.84699999999998
 40
0.35
  0
POINT
  5
67
330
17
100
AcDbEntity
  8
F6_COMP_AU_00_01
100
AcDbPoint
 10
28.697799999965355
 20
54.02560000028461
 30
57.098499999999945
  0
CIRCLE
  5
68
330
17
100
AcDbEntity
  8
F6_COMP_AU_00_01
100
AcDbCircle
 10
28.697799999965355
 20
54.02560000028461
 30
57.098499999999945
 40
0.35
  0
POINT
  5
69
330
17
100
AcDbEntity
  8
F6_COMP_AU_05_15
100
AcDbPoint
 10
30.152034800034016
 20
55.48247607797384
 30
51.84699999999998
  0
CIRCLE
  5
6A
330
17
100
AcDbEntity
  8
F6_COMP_AU_05_15
100
AcDbCircle
 10
30.152034800034016
 20
55.48247607797384
 30
51.84699999999998
 40
0.35
  0
POINT
  5
6B
330
17
100
AcDbEntity
  8
F6_COMP_AU_00_01
100
AcDbPoint
 10
30.91279999993276
 20
53.82510000001639
 30
56.851299999999924
  0
CIRCLE
  5
6C
330
17
100
AcDbEntity
  8
F6_COMP_AU_00_01
100
AcDbCircle
 10
30.91279999993276
 20
53.82510000001639
 30
56.851299999999924
 40
0.35
  0
POINT
  5
6D
330
17
100
AcDbEntity
  8
F6_COMP_AU_05_15
100
AcDbPoint
 10
32.1483745011501
 20
55.60332972090691
 30
51.84699999999998
  0
CIRCLE
  5
6E
330
17
100
AcDbEntity
  8
F6_COMP_AU_05_15
100
AcDbCircle
 10
32.1483745011501
 20
55.60332972090691
 30
51.84699999999998
 40
0.35
  0
POINT
  5
6F
330
17
100
AcDbEntity
  8
F6_COMP_AU_15_50
100
AcDbPoint
 10
32.89839999994729
 20
53.43730000033975
 30
56.851299999999924
  0
CIRCLE
  5
70
330
17
100
AcDbEntity
  8
F6_COMP_AU_15_50
100
AcDbCircle
 10
32.89839999994729
 20
53.43730000033975
 30
56.851299999999924
 40
0.35
  0
POINT
  5
71
330
17
100
AcDbEntity
  8
F6_COMP_AU_01_05
100
AcDbPoint
 10
34.14689364598598
 20
55.64427399635315
 30
51.84699999999998
  0
CIRCLE
  5
72
330
17
100
AcDbEntity
  8
F6_COMP_AU_01_05
100
AcDbCircle
 10
34.14689364598598
 20
55.64427399635315
 30
51.84699999999998
 40
0.35
  0
POINT
  5
73
330
17
100
AcDbEntity
  8
F6_COMP_AU_01_05
100
AcDbPoint
 10
34.852599999983795
 20
53.081799999810755
 30
56.51109999999994
  0
CIRCLE
  5
74
330
17
100
AcDbEntity
  8
F6_COMP_AU_01_05
100
AcDbCircle
 10
34.852599999983795
 20
53.081799999810755
 30
56.51109999999994
 40
0.35
  0
POINT
  5
75
330
17
100
AcDbEntity
  8
F6_COMP_AU_GE_50
100
AcDbPoint
 10
35.64837430708576
 20
55.636726047843695
 30
51.84699999999998
  0
CIRCLE
  5
76
330
17
100
AcDbEntity
  8
F6_COMP_AU_GE_50
100
AcDbCircle
 10
35.64837430708576
 20
55.636726047843695
 30
51.84699999999998
 40
0.35
  0
POINT
  5
77
330
17
100
AcDbEntity
  8
F6_COMP_AU_00_01
100
AcDbPoint
 10
37.35719633998815
 20
52.29344537016004
 30
60.70540822999999
  0
CIRCLE
  5
78
330
17
100
AcDbEntity
  8
F6_COMP_AU_00_01
100
AcDbCircle
 10
37.35719633998815
 20
52.29344537016004
 30
60.70540822999999
 40
0.35
  0
POINT
  5
79
330
17
100
AcDbEntity
  8
F6_COMP_AU_15_50
100
AcDbPoint
 10
37.5492730186088
 20
55.161691159941256
 30
51.84699999999998
  0
CIRCLE
  5
7A
330
17
100
AcDbEntity
  8
F6_COMP_AU_15_50
100
AcDbCircle
 10
37.5492730186088
 20
55.161691159941256
 30
51.84699999999998
 40
0.35
  0
POINT
  5
7B
330
17
100
AcDbEntity
  8
F6_COMP_AU_05_15
100
AcDbPoint
 10
37.69059999997262
 20
52.73170000035316
 30
55.995399999999904
  0
CIRCLE
  5
7C
330
17
100
AcDbEntity
  8
F6_COMP_AU_05_15
100
AcDbCircle
 10
37.69059999997262
 20
52.73170000035316
 30
55.995399999999904
 40
0.35
  0
POINT
  5
7D
330
17
100
AcDbEntity
  8
F6_COMP_AU_01_05
100
AcDbPoint
 10
39.247705599991605
 20
51.641674970276654
 30
60.70540822999999
  0
CIRCLE
  5
7E
330
17
100
AcDbEntity
  8
F6_COMP_AU_01_05
100
AcDbCircle
 10
39.247705599991605
 20
51.641674970276654
 30
60.70540822999999
 40
0.35
  0
POINT
  5
7F
330
17
100
AcDbEntity
  8
F6_COMP_AU_05_15
100
AcDbPoint
 10
39.5312956153648
 20
54.85838970914483
 30
51.84699999999998
  0
CIRCLE
  5
80
330
17
100
AcDbEntity
  8
F6_COMP_AU_05_15
100
AcDbCircle
 10
39.5312956153648
 20
54.85838970914483
 30
51.84699999999998
 40
0.35
  0
POINT
  5
81
330
17
100
AcDbEntity
  8
F6_COMP_AU_00_01
100
AcDbPoint
 10
41.17618682002649
 20
51.13116534985602
 30
60.70540822999999
  0
CIRCLE
  5
82
330
17
100
AcDbEntity
  8
F6_COMP_AU_00_01
100
AcDbCircle
 10
41.17618682002649
 20
51.13116534985602
 30
60.70540822999999
 40
0.35
  0
POINT
  5
83
330
17
100
AcDbEntity
  8
F6_COMP_AU_00_01
100
AcDbPoint
 10
41.29629999992903
 20
52.1288999998942
 30
56.789999999999964
  0
CIRCLE
  5
84
330
17
100
AcDbEntity
  8
F6_COMP_AU_00_01
100
AcDbCircle
 10
41.29629999992903
 20
52.1288999998942
 30
56.789999999999964
 40
0.35
  0
POINT
  5
85
330
17
100
AcDbEntity
  8
F6_COMP_AU_01_05
100
AcDbPoint
 10
41.489366191555746
 20
54.48798477463424
 30
51.84699999999998
  0
CIRCLE
  5
86
330
17
100
AcDbEntity
  8
F6_COMP_AU_01_05
100
AcDbCircle
 10
41.489366191555746
 20
54.48798477463424
 30
51.84699999999998
 40
0.35
  0
POINT
  5
87
330
17
100
AcDbEntity
  8
F6_COMP_AU_01_05
100
AcDbPoint
 10
43.14157532993704
 20
50.77542440965772
 30
60.70540822999999
  0
CIRCLE
  5
88
330
17
100
AcDbEntity
  8
F6_COMP_AU_01_05
100
AcDbCircle
 10
43.14157532993704
 20
50.77542440965772
 30
60.70540822999999
 40
0.35
  0
POINT
  5
89
330
17
100
AcDbEntity
  8
F6_COMP_AU_00_01
100
AcDbPoint
 10
43.46342670475133
 20
54.13522894773632
 30
51.84699999999998
  0
CIRCLE
  5
8A
330
17
100
AcDbEntity
  8
F6_COMP_AU_00_01
100
AcDbCircle
 10
43.46342670475133
 20
54.13522894773632
 30
51.84699999999998
 40
0.35
  0
POINT
  5
8B
330
17
100
AcDbEntity
  8
F6_COMP_AU_01_05
100
AcDbPoint
 10
45.44937002577353
 20
53.876622434705496
 30
51.84699999999998
  0
CIRCLE
  5
8C
330
17
100
AcDbEntity
  8
F6_COMP_AU_01_05
100
AcDbCircle
 10
45.44937002577353
 20
53.876622434705496
 30
51.84699999999998
 40
0.35
  0
POINT
  5
8D
330
17
100
AcDbEntity
  8
F6_COMP_AU_00_01
100
AcDbPoint
 10
47.35809999995399
 20
50.142099999822676
 30
56.46289999999999
  0
CIRCLE
  5
8E
330
17
100
AcDbEntity
  8
F6_COMP_AU_00_01
100
AcDbCircle
 10
47.35809999995399
 20
50.142099999822676
 30
56.46289999999999
 40
0.35
  0
POINT
  5
8F
330
17
100
AcDbEntity
  8
F6_COMP_AU_00_01
100
AcDbPoint
 10
47.433580257580616
 20
53.64421282708645
 30
51.84699999999998
  0
CIRCLE
  5
90
330
17
100
AcDbEntity
  8
F6_COMP_AU_00_01
100
AcDbCircle
 10
47.433580257580616
 20
53.64421282708645
 30
51.84699999999998
 40
0.35
  0
POINT
  5
91
330
17
100
AcDbEntity
  8
F6_COMP_AU_00_01
100
AcDbPoint
 10
49.13818064995576
 20
50.582580329850316
 30
60.70540822999999
  0
CIRCLE
  5
92
330
17
100
AcDbEntity
  8
F6_COMP_AU_00_01
100
AcDbCircle
 10
49.13818064995576
 20
50.582580329850316
 30
60.70540822999999
 40
0.35
  0
POINT
  5
93
330
17
100
AcDbEntity
  8
F6_COMP_AU_01_05
100
AcDbPoint
 10
49.39286989404354
 20
53.26837014313787
 30
51.84699999999998
  0
CIRCLE
  5
94
330
17
100
AcDbEntity
  8
F6_COMP_AU_01_05
100
AcDbCircle
 10
49.39286989404354
 20
53.26837014313787
 30
51.84699999999998
 40
0.35
  0
POINT
  5
95
330
17
100
AcDbEntity
  8
F6_COMP_AU_01_05
100
AcDbPoint
 10
51.137108749942854
 20
50.51710931956768
 30
60.70540822999999
  0
CIRCLE
  5
96
330
17
100
AcDbEntity
  8
F6_COMP_AU_01_05
100
AcDbCircle
 10
51.137108749942854
 20
50.51710931956768
 30
60.70540822999999
 40
0.35
  0
POINT
  5
97
330
17
100
AcDbEntity
  8
F6_COMP_AU_05_15
100
AcDbPoint
 10
51.23100268363487
 20
52.51474748272449
 30
51.84699999999998
  0
CIRCLE
  5
98
330
17
100
AcDbEntity
  8
F6_COMP_AU_05_15
100
AcDbCircle
 10
51.23100268363487
 20
52.51474748272449
 30
51.84699999999998
 40
0.35
  0
POINT
  5
99
330
17
100
AcDbEntity
  8
F6_COMP_AU_00_01
100
AcDbPoint
 10
53.06416299578268
 20
51.74803229048848
 30
51.84699999999998
  0
CIRCLE
  5
9A
330
17
100
AcDbEntity
  8
F6_COMP_AU_00_01
100
AcDbCircle
 10
53.06416299578268
 20
51.74803229048848
 30
51.84699999999998
 40
0.35
  0
POINT
  5
9B
330
17
100
AcDbEntity
  8
F6_COMP_AU_00_01
100
AcDbPoint
 10
53.13241915998515
 20
50.42702335957438
 30
60.70540822999999
  0
CIRCLE
  5
9C
330
17
100
AcDbEntity
  8
F6_COMP_AU_00_01
100
AcDbCircle
 10
53.13241915998515
 20
50.42702335957438
 30
60.70540822999999
 40
0.35
  0
POINT
  5
9D
330
17
100
AcDbEntity
  8
F6_COMP_AU_05_15
100
AcDbPoint
 10
55.01156096998602
 20
49.74231463018805
 30
60.70540822999999
  0
CIRCLE
  5
9E
330
17
100
AcDbEntity
  8
F6_COMP_AU_05_15
100
AcDbCircle
 10
55.01156096998602
 20
49.74231463018805
 30
60.70540822999999
 40
0.35
  0
POINT
  5
9F
330
17
100
AcDbEntity
  8
F6_COMP_AU_00_01
100
AcDbPoint
 10
55.03959285560995
 20
51.27058223634958
 30
51.84699999999998
  0
CIRCLE
  5
A0
330
17
100
AcDbEntity
  8
F6_COMP_AU_00_01
100
AcDbCircle
 10
55.03959285560995
 20
51.27058223634958
 30
51.84699999999998
 40
0.35
  0
POINT
  5
A1
330
17
100
AcDbEntity
  8
F6_COMP_AU_01_05
100
AcDbPoint
 10
56.88976145000197
 20
49.054158699698746
 30
60.70540822999999
  0
CIRCLE
  5
A2
330
17
100
AcDbEntity
  8
F6_COMP_AU_01_05
100
AcDbCircle
 10
56.88976145000197
 20
49.054158699698746
 30
60.70540822999999
 40
0.35
  0
POINT
  5
A3
330
17
100
AcDbEntity
  8
F6_COMP_AU_05_15
100
AcDbPoint
 10
56.98416551947594
 20
50.78019733261317
 30
51.84699999999998
  0
CIRCLE
  5
A4
330
17
100
AcDbEntity
  8
F6_COMP_AU_05_15
100
AcDbCircle
 10
56.98416551947594
 20
50.78019733261317
 30
51.84699999999998
 40
0.35
  0
POINT
  5
A5
330
17
100
AcDbEntity
  8
F6_COMP_AU_01_05
100
AcDbPoint
 10
58.768903260002844
 20
48.36944997031242
 30
60.70540822999999
  0
CIRCLE
  5
A6
330
17
100
AcDbEntity
  8
F6_COMP_AU_01_05
100
AcDbCircle
 10
58.768903260002844
 20
48.36944997031242
 30
60.70540822999999
 40
0.35
  0
POINT
  5
A7
330
17
100
AcDbEntity
  8
F6_COMP_AU_00_01
100
AcDbPoint
 10
58.98438086814713
 20
50.81023244187236
 30
51.84699999999998
  0
CIRCLE
  5
A8
330
17
100
AcDbEntity
  8
F6_COMP_AU_00_01
100
AcDbCircle
 10
58.98438086814713
 20
50.81023244187236
 30
51.84699999999998
 40
0.35
  0
POINT
  5
A9
330
17
100
AcDbEntity
  8
F6_COMP_AU_01_05
100
AcDbPoint
 10
60.79839999997057
 20
49.71490000002086
 30
56.945499999999925
  0
CIRCLE
  5
AA
330
17
100
AcDbEntity
  8
F6_COMP_AU_01_05
100
AcDbCircle
 10
60.79839999997057
 20
49.71490000002086
 30
56.945499999999925
 40
0.35
  0
POINT
  5
AB
330
17
100
AcDbEntity
  8
F6_COMP_AU_15_50
100
AcDbPoint
 10
60.94061027432326
 20
50.48419076669961
 30
51.84699999999998
  0
CIRCLE
  5
AC
330
17
100
AcDbEntity
  8
F6_COMP_AU_15_50
100
AcDbCircle
 10
60.94061027432326
 20
50.48419076669961
 30
51.84699999999998
 40
0.35
  0
POINT
  5
AD
330
17
100
AcDbEntity
  8
F6_COMP_AU_01_05
100
AcDbPoint
 10
61.01136897993274
 20
47.676937909796834
 30
63.82161428999996
  0
CIRCLE
  5
AE
330
17
100
AcDbEntity
  8
F6_COMP_AU_01_05
100
AcDbCircle
 10
61.01136897993274
 20
47.676937909796834
 30
63.82161428999996
 40
0.35
  0
POINT
  5
AF
330
17
100
AcDbEntity
  8
F6_COMP_AU_GE_50
100
AcDbPoint
 10
62.79449999995995
 20
49.58990000002086
 30
56.945499999999925
  0
CIRCLE
  5
B0
330
17
100
AcDbEntity
  8
F6_COMP_AU_GE_50
100
AcDbCircle
 10
62.79449999995995
 20
49.58990000002086
 30
56.945499999999925
 40
0.35
  0
POINT
  5
B1
330
17
100
AcDbEntity
  8
F6_COMP_AU_01_05
100
AcDbPoint
 10
62.92117106996011
 20
47.083089450374246
 30
63.82161428999996
  0
CIRCLE
  5
B2
330
17
100
AcDbEntity
  8
F6_COMP_AU_01_05
100
AcDbCircle
 10
62.92117106996011
 20
47.083089450374246
 30
63.82161428999996
 40
0.35
  0
POINT
  5
B3
330
17
100
AcDbEntity
  8
F6_COMP_AU_00_01
100
AcDbPoint
 10
62.921462027938105
 20
50.165676057338715
 30
51.84699999999998
  0
CIRCLE
  5
B4
330
17
100
AcDbEntity
  8
F6_COMP_AU_00_01
100
AcDbCircle
 10
62.921462027938105
 20
50.165676057338715
 30
51.84699999999998
 40
0.35
  0
POINT
  5
B5
330
17
100
AcDbEntity
  8
F6_COMP_AU_01_05
100
AcDbPoint
 10
64.89328981994186
 20
46.774201639927924
 30
63.82161428999996
  0
CIRCLE
  5
B6
330
17
100
AcDbEntity
  8
F6_COMP_AU_01_05
100
AcDbCircle
 10
64.89328981994186
 20
46.774201639927924
 30
63.82161428999996
 40
0.35
  0
POINT
  5
B7
330
17
100
AcDbEntity
  8
F6_COMP_AU_00_01
100
AcDbPoint
 10
64.9155535697937
 20
49.91657832823694
 30
51.84699999999998
  0
CIRCLE
  5
B8
330
17
100
AcDbEntity
  8
F6_COMP_AU_00_01
100
AcDbCircle
 10
64.9155535697937
 20
49.91657832823694
 30
51.84699999999998
 40
0.35
  0
POINT
  5
B9
330
17
100
AcDbEntity
  8
F6_COMP_AU_15_50
100
AcDbPoint
 10
64.96149999997579
 20
49.410199999809265
 30
56.945499999999925
  0
CIRCLE
  5
BA
330
17
100
AcDbEntity
  8
F6_COMP_AU_15_50
100
AcDbCircle
 10
64.96149999997579
 20
49.410199999809265
 30
56.945499999999925
 40
0.35
  0
POINT
  5
BB
330
17
100
AcDbEntity
  8
F6_COMP_AU_00_01
100
AcDbPoint
 10
66.89033022860531
 20
49.83618706744164
 30
51.84699999999998
  0
CIRCLE
  5
BC
330
17
100
AcDbEntity
  8
F6_COMP_AU_00_01
100
AcDbCircle
 10
66.89033022860531
 20
49.83618706744164
 30
51.84699999999998
 40
0.35
  0
POINT
  5
BD
330
17
100
AcDbEntity
  8
F6_COMP_AU_15_50
100
AcDbPoint
 10
66.89810719992965
 20
46.51388810016215
 30
63.82161428999996
  0
CIRCLE
  5
BE
330
17
100
AcDbEntity
  8
F6_COMP_AU_15_50
100
AcDbCircle
 10
66.89810719992965
 20
46.51388810016215
 30
63.82161428999996
 40
0.35
  0
POINT
  5
BF
330
17
100
AcDbEntity
  8
F6_COMP_AU_00_01
100
AcDbPoint
 10
66.94900000002235
 20
49.213700000196695
 30
56.019199999999955
  0
CIRCLE
  5
C0
330
17
100
AcDbEntity
  8
F6_COMP_AU_00_01
100
AcDbCircle
 10
66.94900000002235
 20
49.213700000196695
 30
56.019199999999955
 40
0.35
  0
POINT
  5
C1
330
17
100
AcDbEntity
  8
F6_COMP_AU_05_15
100
AcDbPoint
 10
68.85999133996665
 20
46.25914919003844
 30
63.82161428999996
  0
CIRCLE
  5
C2
330
17
100
AcDbEntity
  8
F6_COMP_AU_05_15
100
AcDbCircle
 10
68.85999133996665
 20
46.25914919003844
 30
63.82161428999996
 40
0.35
  0
POINT
  5
C3
330
17
100
AcDbEntity
  8
F6_COMP_AU_15_50
100
AcDbPoint
 10
68.86584864917677
 20
49.519793027080595
 30
51.84699999999998
  0
CIRCLE
  5
C4
330
17
100
AcDbEntity
  8
F6_COMP_AU_15_50
100
AcDbCircle
 10
68.86584864917677
 20
49.519793027080595
 30
51.84699999999998
 40
0.35
  0
POINT
  5
C5
330
17
100
AcDbEntity
  8
F6_COMP_AU_05_15
100
AcDbPoint
 10
69.34970000002068
 20
49.384200000204146
 30
56.019199999999955
  0
CIRCLE
  5
C6
330
17
100
AcDbEntity
  8
F6_COMP_AU_05_15
100
AcDbCircle
 10
69.34970000002068
 20
49.384200000204146
 30
56.019199999999955
 40
0.35
  0
POINT
  5
C7
330
17
100
AcDbEntity
  8
F6_COMP_AU_05_15
100
AcDbPoint
 10
70.7956229436677
 20
49.1531763933599
 30
51.84699999999998
  0
CIRCLE
  5
C8
330
17
100
AcDbEntity
  8
F6_COMP_AU_05_15
100
AcDbCircle
 10
70.7956229436677
 20
49.1531763933599
 30
51.84699999999998
 40
0.35
  0
POINT
  5
C9
330
17
100
AcDbEntity
  8
F6_COMP_AU_00_01
100
AcDbPoint
 10
70.84191709000152
 20
45.99203892983496
 30
63.82161428999996
  0
CIRCLE
  5
CA
330
17
100
AcDbEntity
  8
F6_COMP_AU_00_01
100
AcDbCircle
 10
70.84191709000152
 20
45.99203892983496
 30
63.82161428999996
 40
0.35
  0
POINT
  5
CB
330
17
100
AcDbEntity
  8
F6_COMP_AU_05_15
100
AcDbPoint
 10
71.55400000000373
 20
48.93020000029355
 30
56.019199999999955
  0
CIRCLE
  5
CC
330
17
100
AcDbEntity
  8
F6_COMP_AU_05_15
100
AcDbCircle
 10
71.55400000000373
 20
48.93020000029355
 30
56.019199999999955
 40
0.35
  0
POINT
  5
CD
330
17
100
AcDbEntity
  8
F6_COMP_AU_15_50
100
AcDbPoint
 10
72.80244733404834
 20
49.16273084934801
 30
51.84699999999998
  0
CIRCLE
  5
CE
330
17
100
AcDbEntity
  8
F6_COMP_AU_15_50
100
AcDbCircle
 10
72.80244733404834
 20
49.16273084934801
 30
51.84699999999998
 40
0.35
  0
POINT
  5
CF
330
17
100
AcDbEntity
  8
F6_COMP_AU_00_01
100
AcDbPoint
 10
74.79467456997372
 20
45.39586803968996
 30
63.82161428999996
  0
CIRCLE
  5
D0
330
17
100
AcDbEntity
  8
F6_COMP_AU_00_01
100
AcDbCircle
 10
74.79467456997372
 20
45.39586803968996
 30
63.82161428999996
 40
0.35
  0
POINT
  5
D1
330
17
100
AcDbEntity
  8
F6_COMP_AU_05_15
100
AcDbPoint
 10
74.82149999996182
 20
48.50619999971241
 30
55.625
  0
CIRCLE
  5
D2
330
17
100
AcDbEntity
  8
F6_COMP_AU_05_15
100
AcDbCircle
 10
74.82149999996182
 20
48.50619999971241
 30
55.625
 40
0.35
  0
POINT
  5
D3
330
17
100
AcDbEntity
  8
F6_COMP_AU_15_50
100
AcDbPoint
 10
76.69310000003316
 20
47.76439999975264
 30
55.625
  0
CIRCLE
  5
D4
330
17
100
AcDbEntity
  8
F6_COMP_AU_15_50
100
AcDbCircle
 10
76.69310000003316
 20
47.76439999975264
 30
55.625
 40
0.35
  0
POINT
  5
D5
330
17
100
AcDbEntity
  8
F6_COMP_AU_01_05
100
AcDbPoint
 10
76.78944586997386
 20
45.251343039795756
 30
63.82161428999996
  0
CIRCLE
  5
D6
330
17
100
AcDbEntity
  8
F6_COMP_AU_01_05
100
AcDbCircle
 10
76.78944586997386
 20
45.251343039795756
 30
63.82161428999996
 40
0.35
  0
POINT
  5
D7
330
17
100
AcDbEntity
  8
F6_COMP_AU_05_15
100
AcDbPoint
 10
78.784217169974
 20
45.1068180501461
 30
63.82161428999996
  0
CIRCLE
  5
D8
330
17
100
AcDbEntity
  8
F6_COMP_AU_05_15
100
AcDbCircle
 10
78.784217169974
 20
45.1068180501461
 30
63.82161428999996
 40
0.35
  0
POINT
  5
D9
330
17
100
AcDbEntity
  8
F6_COMP_AU_GE_50
100
AcDbPoint
 10
78.88240000000224
 20
47.52630000002682
 30
55.625
  0
CIRCLE
  5
DA
330
17
100
AcDbEntity
  8
F6_COMP_AU_GE_50
100
AcDbCircle
 10
78.88240000000224
 20
47.52630000002682
 30
55.625
 40
0.35
  0
POINT
  5
DB
330
17
100
AcDbEntity
  8
F6_COMP_AU_15_50
100
AcDbPoint
 10
80.5060999999987
 20
47.99170000012964
 30
51.74699999999996
  0
CIRCLE
  5
DC
330
17
100
AcDbEntity
  8
F6_COMP_AU_15_50
100
AcDbCircle
 10
80.5060999999987
 20
47.99170000012964
 30
51.74699999999996
 40
0.35
  0
POINT
  5
DD
330
17
100
AcDbEntity
  8
F6_COMP_AU_01_05
100
AcDbPoint
 10
81.28191149001941
 20
44.75128006003797
 30
65.03597692999995
  0
CIRCLE
  5
DE
330
17
100
AcDbEntity
  8
F6_COMP_AU_01_05
100
AcDbCircle
 10
81.28191149001941
 20
44.75128006003797
 30
65.03597692999995
 40
0.35
  0
POINT
  5
DF
330
17
100
AcDbEntity
  8
F6_COMP_AU_01_05
100
AcDbPoint
 10
81.98710000002757
 20
47.103799999691546
 30
55.303
  0
CIRCLE
  5
E0
330
17
100
AcDbEntity
  8
F6_COMP_AU_01_05
100
AcDbCircle
 10
81.98710000002757
 20
47.103799999691546
 30
55.303
 40
0.35
  0
POINT
  5
E1
330
17
100
AcDbEntity
  8
F6_COMP_AU_01_05
100
AcDbPoint
 10
82.48060000000987
 20
47.594800000078976
 30
51.84699999999998
  0
CIRCLE
  5
E2
330
17
100
AcDbEntity
  8
F6_COMP_AU_01_05
100
AcDbCircle
 10
82.48060000000987
 20
47.594800000078976
 30
51.84699999999998
 40
0.35
  0
POINT
  5
E3
330
17
100
AcDbEntity
  8
F6_COMP_AU_00_01
100
AcDbPoint
 10
83.24740702996496
 20
44.366842470131814
 30
65.03597692999995
  0
CIRCLE
  5
E4
330
17
100
AcDbEntity
  8
F6_COMP_AU_00_01
100
AcDbCircle
 10
83.24740702996496
 20
44.366842470131814
 30
65.03597692999995
 40
0.35
  0
POINT
  5
E5
330
17
100
AcDbEntity
  8
F6_COMP_AU_00_01
100
AcDbPoint
 10
83.97430000000168
 20
46.87800000049174
 30
55.21639999999991
  0
CIRCLE
  5
E6
330
17
100
AcDbEntity
  8
F6_COMP_AU_00_01
100
AcDbCircle
 10
83.97430000000168
 20
46.87800000049174
 30
55.21639999999991
 40
0.35
  0
POINT
  5
E7
330
17
100
AcDbEntity
  8
F6_COMP_AU_05_15
100
AcDbPoint
 10
84.4375
 20
46.97939999960363
 30
51.84699999999998
  0
CIRCLE
  5
E8
330
17
100
AcDbEntity
  8
F6_COMP_AU_05_15
100
AcDbCircle
 10
84.4375
 20
46.97939999960363
 30
51.84699999999998
 40
0.35
  0
POINT
  5
E9
330
17
100
AcDbEntity
  8
F6_COMP_AU_15_50
100
AcDbPoint
 10
85.12882789992727
 20
43.725288569927216
 30
65.03597692999995
  0
CIRCLE
  5
EA
330
17
100
AcDbEntity
  8
F6_COMP_AU_15_50
100
AcDbCircle
 10
85.12882789992727
 20
43.725288569927216
 30
65.03597692999995
 40
0.35
  0
POINT
  5
EB
330
17
100
AcDbEntity
  8
F6_COMP_AU_05_15
100
AcDbPoint
 10
85.70389999996405
 20
45.897699999623
 30
55.553
  0
CIRCLE
  5
EC
330
17
100
AcDbEntity
  8
F6_COMP_AU_05_15
100
AcDbCircle
 10
85.70389999996405
 20
45.897699999623
 30
55.553
 40
0.35
  0
POINT
  5
ED
330
17
100
AcDbEntity
  8
F6_COMP_AU_00_01
100
AcDbPoint
 10
86.33539999998175
 20
45.63229999970645
 30
51.84699999999998
  0
CIRCLE
  5
EE
330
17
100
AcDbEntity
  8
F6_COMP_AU_00_01
100
AcDbCircle
 10
86.33539999998175
 20
45.63229999970645
 30
51.84699999999998
 40
0.35
  0
POINT
  5
EF
330
17
100
AcDbEntity
  8
F6_COMP_AU_05_15
100
AcDbPoint
 10
86.95482927002013
 20
42.90937251970172
 30
65.03597692999995
  0
CIRCLE
  5
F0
330
17
100
AcDbEntity
  8
F6_COMP_AU_05_15
100
AcDbCircle
 10
86.95482927002013
 20
42.90937251970172
 30
65.03597692999995
 40
0.35
  0
POINT
  5
F1
330
17
100
AcDbEntity
  8
F6_COMP_AU_01_05
100
AcDbPoint
 10
87.40720000001602
 20
44.85879999957979
 30
55.450399999999945
  0
CIRCLE
  5
F2
330
17
100
AcDbEntity
  8
F6_COMP_AU_01_05
100
AcDbCircle
 10
87.40720000001602
 20
44.85879999957979
 30
55.450399999999945
 40
0.35
  0
POINT
  5
F3
330
17
100
AcDbEntity
  8
F6_COMP_AU_15_50
100
AcDbPoint
 10
88.32799999997951
 20
45.460199999623
 30
51.84699999999998
  0
CIRCLE
  5
F4
330
17
100
AcDbEntity
  8
F6_COMP_AU_15_50
100
AcDbCircle
 10
88.32799999997951
 20
45.460199999623
 30
51.84699999999998
 40
0.35
  0
POINT
  5
F5
330
17
100
AcDbEntity
  8
F6_COMP_AU_00_01
100
AcDbPoint
 10
88.39299999992363
 20
34.59499999973923
 30
77.33699999999999
  0
CIRCLE
  5
F6
330
17
100
AcDbEntity
  8
F6_COMP_AU_00_01
100
AcDbCircle
 10
88.39299999992363
 20
34.59499999973923
 30
77.33699999999999
 40
0.35
  0
POINT
  5
F7
330
17
100
AcDbEntity
  8
F6_COMP_AU_05_15
100
AcDbPoint
 10
88.79176685994025
 20
42.1379910800606
 30
65.03597692999995
  0
CIRCLE
  5
F8
330
17
100
AcDbEntity
  8
F6_COMP_AU_05_15
100
AcDbCircle
 10
88.79176685994025
 20
42.1379910800606
 30
65.03597692999995
 40
0.35
  0
POINT
  5
F9
330
17
100
AcDbEntity
  8
F6_COMP_AU_15_50
100
AcDbPoint
 10
89.32140000001527
 20
44.36079999990761
 30
55.62189999999998
  0
CIRCLE
  5
FA
330
17
100
AcDbEntity
  8
F6_COMP_AU_15_50
100
AcDbCircle
 10
89.32140000001527
 20
44.36079999990761
 30
55.62189999999998
 40
0.35
  0
POINT
  5
FB
330
17
100
AcDbEntity
  8
F6_COMP_AU_15_50
100
AcDbPoint
 10
90.32699999993201
 20
45.36629999987781
 30
51.84699999999998
  0
CIRCLE
  5
FC
330
17
100
AcDbEntity
  8
F6_COMP_AU_15_50
100
AcDbCircle
 10
90.32699999993201
 20
45.36629999987781
 30
51.84699999999998
 40
0.35
  0
POINT
  5
FD
330
17
100
AcDbEntity
  8
F6_COMP_AU_GE_50
100
AcDbPoint
 10
90.39299999992363
 20
34.59499999973923
 30
77.33699999999999
  0
CIRCLE
  5
FE
330
17
100
AcDbEntity
  8
F6_COMP_AU_GE_50
100
AcDbCircle
 10
90.39299999992363
 20
34.59499999973923
 30
77.33699999999999
 40
0.35
  0
POINT
  5
FF
330
17
100
AcDbEntity
  8
F6_COMP_AU_05_15
100
AcDbPoint
 10
90.78799962997437
 20
42.015293249860406
 30
65.03597692999995
  0
CIRCLE
  5
100
330
17
100
AcDbEntity
  8
F6_COMP_AU_05_15
100
AcDbCircle
 10
90.78799962997437
 20
42.015293249860406
 30
65.03597692999995
 40
0.35
  0
POINT
  5
101
330
17
100
AcDbEntity
  8
F6_COMP_AU_00_01
100
AcDbPoint
 10
91.32140000001527
 20
44.36079999990761
 30
55.865099999999984
  0
CIRCLE
  5
102
330
17
100
AcDbEntity
  8
F6_COMP_AU_00_01
100
AcDbCircle
 10
91.32140000001527
 20
44.36079999990761
 30
55.865099999999984
 40
0.35
  0
POINT
  5
103
330
17
100
AcDbEntity
  8
F6_COMP_AU_15_50
100
AcDbPoint
 10
92.38699999998789
 20
34.74600000027567
 30
77.33699999999999
  0
CIRCLE
  5
104
330
17
100
AcDbEntity
  8
F6_COMP_AU_15_50
100
AcDbCircle
 10
92.38699999998789
 20
34.74600000027567
 30
77.33699999999999
 40
0.35
  0
POINT
  5
105
330
17
100
AcDbEntity
  8
F6_COMP_AU_05_15
100
AcDbPoint
 10
92.78423238999676
 20
41.89259541966021
 30
65.03597692999995
  0
CIRCLE
  5
106
330
17
100
AcDbEntity
  8
F6_COMP_AU_05_15
100
AcDbCircle
 10
92.78423238999676
 20
41.89259541966021
 30
65.03597692999995
 40
0.35
  0
POINT
  5
107
330
17
100
AcDbEntity
  8
F6_COMP_AU_00_01
100
AcDbPoint
 10
93.31810000003316
 20
44.25729999970645
 30
55.78120000000001
  0
CIRCLE
  5
108
330
17
100
AcDbEntity
  8
F6_COMP_AU_00_01
100
AcDbCircle
 10
93.31810000003316
 20
44.25729999970645
 30
55.78120000000001
 40
0.35
  0
POINT
  5
109
330
17
100
AcDbEntity
  8
F6_COMP_AU_01_05
100
AcDbPoint
 10
93.43209999997634
 20
44.96459999959916
 30
51.84699999999998
  0
CIRCLE
  5
10A
330
17
100
AcDbEntity
  8
F6_COMP_AU_01_05
100
AcDbCircle
 10
93.43209999997634
 20
44.96459999959916
 30
51.84699999999998
 40
0.35
  0
POINT
  5
10B
330
17
100
AcDbEntity
  8
F6_COMP_AU_01_05
100
AcDbPoint
 10
94.38300000003073
 20
34.62999999988824
 30
77.33699999999999
  0
CIRCLE
  5
10C
330
17
100
AcDbEntity
  8
F6_COMP_AU_01_05
100
AcDbCircle
 10
94.38300000003073
 20
34.62999999988824
 30
77.33699999999999
 40
0.35
  0
POINT
  5
10D
330
17
100
AcDbEntity
  8
F6_COMP_AU_05_15
100
AcDbPoint
 10
95.31409999995958
 20
44.13009999971837
 30
55.65199999999993
  0
CIRCLE
  5
10E
330
17
100
AcDbEntity
  8
F6_COMP_AU_05_15
100
AcDbCircle
 10
95.31409999995958
 20
44.13009999971837
 30
55.65199999999993
 40
0.35
  0
POINT
  5
10F
330
17
100
AcDbEntity
  8
F6_COMP_AU_01_05
100
AcDbPoint
 10
95.44149999995716
 20
44.74899999983609
 30
51.84699999999998
  0
CIRCLE
  5
110
330
17
100
AcDbEntity
  8
F6_COMP_AU_01_05
100
AcDbCircle
 10
95.44149999995716
 20
44.74899999983609
 30
51.84699999999998
 40
0.35
  0
POINT
  5
111
330
17
100
AcDbEntity
  8
F6_COMP_AU_15_50
100
AcDbPoint
 10
96.37899999995716
 20
34.50800000037998
 30
77.33699999999999
  0
CIRCLE
  5
112
330
17
100
AcDbEntity
  8
F6_COMP_AU_15_50
100
AcDbCircle
 10
96.37899999995716
 20
34.50800000037998
 30
77.33699999999999
 40
0.35
  0
POINT
  5
113
330
17
100
AcDbEntity
  8
F6_COMP_AU_05_15
100
AcDbPoint
 10
97.30589999991935
 20
44.20230000000447
 30
55.67199999999991
  0
CIRCLE
  5
114
330
17
100
AcDbEntity
  8
F6_COMP_AU_05_15
100
AcDbCircle
 10
97.30589999991935
 20
44.20230000000447
 30
55.67199999999991
 40
0.35
  0
POINT
  5
115
330
17
100
AcDbEntity
  8
F6_COMP_AU_05_15
100
AcDbPoint
 10
97.34789999993518
 20
44.342299999669194
 30
51.84699999999998
  0
CIRCLE
  5
116
330
17
100
AcDbEntity
  8
F6_COMP_AU_05_15
100
AcDbCircle
 10
97.34789999993518
 20
44.342299999669194
 30
51.84699999999998
 40
0.35
  0
POINT
  5
117
330
17
100
AcDbEntity
  8
F6_COMP_AU_05_15
100
AcDbPoint
 10
98.375
 20
34.49600000027567
 30
77.33699999999999
  0
CIRCLE
  5
118
330
17
100
AcDbEntity
  8
F6_COMP_AU_05_15
100
AcDbCircle
 10
98.375
 20
34.49600000027567
 30
77.33699999999999
 40
0.35
  0
POINT
  5
119
330
17
100
AcDbEntity
  8
F6_COMP_AU_01_05
100
AcDbPoint
 10
99.29940000001807
 20
44.309100000187755
 30
55.826799999999935
  0
CIRCLE
  5
11A
330
17
100
AcDbEntity
  8
F6_COMP_AU_01_05
100
AcDbCircle
 10
99.29940000001807
 20
44.309100000187755
 30
55.826799999999935
 40
0.35
  0
POINT
  5
11B
330
17
100
AcDbEntity
  8
F6_COMP_AU_01_05
100
AcDbPoint
 10
99.36159999994561
 20
44.29229999985546
 30
51.84699999999998
  0
CIRCLE
  5
11C
330
17
100
AcDbEntity
  8
F6_COMP_AU_01_05
100
AcDbCircle
 10
99.36159999994561
 20
44.29229999985546
 30
51.84699999999998
 40
0.35
  0
POINT
  5
11D
330
17
100
AcDbEntity
  8
F6_COMP_AU_01_05
100
AcDbPoint
 10
100.36699999996927
 20
34.66799999959767
 30
77.33699999999999
  0
CIRCLE
  5
11E
330
17
100
AcDbEntity
  8
F6_COMP_AU_01_05
100
AcDbCircle
 10
100.36699999996927
 20
34.66799999959767
 30
77.33699999999999
 40
0.35
  0
POINT
  5
11F
330
17
100
AcDbEntity
  8
F6_COMP_AU_05_15
100
AcDbPoint
 10
100.69252551998943
 20
42.07545320969075
 30
65.05458534999991
  0
CIRCLE
  5
120
330
17
100
AcDbEntity
  8
F6_COMP_AU_05_15
100
AcDbCircle
 10
100.69252551998943
 20
42.07545320969075
 30
65.05458534999991
 40
0.35
  0
POINT
  5
121
330
17
100
AcDbEntity
  8
F6_COMP_AU_01_05
100
AcDbPoint
 10
101.29920000000857
 20
44.279099999926984
 30
55.92999999999995
  0
CIRCLE
  5
122
330
17
100
AcDbEntity
  8
F6_COMP_AU_01_05
100
AcDbCircle
 10
101.29920000000857
 20
44.279099999926984
 30
55.92999999999995
 40
0.35
  0
POINT
  5
123
330
17
100
AcDbEntity
  8
F6_COMP_AU_01_05
100
AcDbPoint
 10
101.35800000000745
 20
44.323200000450015
 30
51.84699999999998
  0
CIRCLE
  5
124
330
17
100
AcDbEntity
  8
F6_COMP_AU_01_05
100
AcDbCircle
 10
101.35800000000745
 20
44.323200000450015
 30
51.84699999999998
 40
0.35
  0
POINT
  5
125
330
17
100
AcDbEntity
  8
F6_COMP_AU_01_05
100
AcDbPoint
 10
102.3519999999553
 20
34.87800000049174
 30
77.33600000000001
  0
CIRCLE
  5
126
330
17
100
AcDbEntity
  8
F6_COMP_AU_01_05
100
AcDbCircle
 10
102.3519999999553
 20
34.87800000049174
 30
77.33600000000001
 40
0.35
  0
POINT
  5
127
330
17
100
AcDbEntity
  8
F6_COMP_AU_15_50
100
AcDbPoint
 10
102.6923033199273
 20
42.105265060439706
 30
65.05458534999991
  0
CIRCLE
  5
128
330
17
100
AcDbEntity
  8
F6_COMP_AU_15_50
100
AcDbCircle
 10
102.6923033199273
 20
42.105265060439706
 30
65.05458534999991
 40
0.35
  0
POINT
  5
129
330
17
100
AcDbEntity
  8
F6_COMP_AU_00_01
100
AcDbPoint
 10
103.33259999996517
 20
44.57270000036806
 30
51.84699999999998
  0
CIRCLE
  5
12A
330
17
100
AcDbEntity
  8
F6_COMP_AU_00_01
100
AcDbCircle
 10
103.33259999996517
 20
44.57270000036806
 30
51.84699999999998
 40
0.35
  0
POINT
  5
12B
330
17
100
AcDbEntity
  8
F6_COMP_AU_00_01
100
AcDbPoint
 10
104.34999999997672
 20
34.838000000454485
 30
77.29699999999991
  0
CIRCLE
  5
12C
330
17
100
AcDbEntity
  8
F6_COMP_AU_00_01
100
AcDbCircle
 10
104.34999999997672
 20
34.838000000454485
 30
77.29699999999991
 40
0.35
  0
POINT
  5
12D
330
17
100
AcDbEntity
  8
F6_COMP_AU_00_01
100
AcDbPoint
 10
104.69234493002295
 20
42.148771749809384
 30
65.05458534999991
  0
CIRCLE
  5
12E
330
17
100
AcDbEntity
  8
F6_COMP_AU_00_01
100
AcDbCircle
 10
104.69234493002295
 20
42.148771749809384
 30
65.05458534999991
 40
0.35
  0
POINT
  5
12F
330
17
100
AcDbEntity
  8
F6_COMP_AU_00_01
100
AcDbPoint
 10
105.34109999996144
 20
44.52599999960512
 30
51.84699999999998
  0
CIRCLE
  5
130
330
17
100
AcDbEntity
  8
F6_COMP_AU_00_01
100
AcDbCircle
 10
105.34109999996144
 20
44.52599999960512
 30
51.84699999999998
 40
0.35
  0
POINT
  5
131
330
17
100
AcDbEntity
  8
F6_COMP_AU_01_05
100
AcDbPoint
 10
106.32999999995809
 20
34.55599999986589
 30
77.22699999999998
  0
CIRCLE
  5
132
330
17
100
AcDbEntity
  8
F6_COMP_AU_01_05
100
AcDbCircle
 10
106.32999999995809
 20
34.55599999986589
 30
77.22699999999998
 40
0.35
  0
POINT
  5
133
330
17
100
AcDbEntity
  8
F6_COMP_AU_00_01
100
AcDbPoint
 10
106.60046920995228
 20
41.640933570452034
 30
65.05458534999991
  0
CIRCLE
  5
134
330
17
100
AcDbEntity
  8
F6_COMP_AU_00_01
100
AcDbCircle
 10
106.60046920995228
 20
41.640933570452034
 30
65.05458534999991
 40
0.35
  0
POINT
  5
135
330
17
100
AcDbEntity
  8
F6_COMP_AU_01_05
100
AcDbPoint
 10
107.08779999997932
 20
44.053000000305474
 30
51.84699999999998
  0
CIRCLE
  5
136
330
17
100
AcDbEntity
  8
F6_COMP_AU_01_05
100
AcDbCircle
 10
107.08779999997932
 20
44.053000000305474
 30
51.84699999999998
 40
0.35
  0
POINT
  5
137
330
17
100
AcDbEntity
  8
F6_COMP_AU_00_01
100
AcDbPoint
 10
108.30999999993946
 20
34.274000000208616
 30
77.15699999999993
  0
CIRCLE
  5
138
330
17
100
AcDbEntity
  8
F6_COMP_AU_00_01
100
AcDbCircle
 10
108.30999999993946
 20
34.274000000208616
 30
77.15699999999993
 40
0.35
  0
POINT
  5
139
330
17
100
AcDbEntity
  8
F6_COMP_AU_00_01
100
AcDbPoint
 10
108.95439999992959
 20
43.637799999676645
 30
51.84699999999998
  0
CIRCLE
  5
13A
330
17
100
AcDbEntity
  8
F6_COMP_AU_00_01
100
AcDbCircle
 10
108.95439999992959
 20
43.637799999676645
 30
51.84699999999998
 40
0.35
  0
POINT
  5
13B
330
17
100
AcDbEntity
  8
F6_COMP_AU_01_05
100
AcDbPoint
 10
110.28999999992084
 20
33.99299999978393
 30
77.08699999999999
  0
CIRCLE
  5
13C
330
17
100
AcDbEntity
  8
F6_COMP_AU_01_05
100
AcDbCircle
 10
110.28999999992084
 20
33.99299999978393
 30
77.08699999999999
 40
0.35
  0
POINT
  5
13D
330
17
100
AcDbEntity
  8
F6_COMP_AU_00_01
100
AcDbPoint
 10
110.97279999998864
 20
43.50719999987632
 30
51.84699999999998
  0
CIRCLE
  5
13E
330
17
100
AcDbEntity
  8
F6_COMP_AU_00_01
100
AcDbCircle
 10
110.97279999998864
 20
43.50719999987632
 30
51.84699999999998
 40
0.35
  0
POINT
  5
13F
330
17
100
AcDbEntity
  8
F6_COMP_AU_01_05
100
AcDbPoint
 10
112.25699999998324
 20
33.63200000021607
 30
77.01799999999992
  0
CIRCLE
  5
140
330
17
100
AcDbEntity
  8
F6_COMP_AU_01_05
100
AcDbCircle
 10
112.25699999998324
 20
33.63200000021607
 30
77.01799999999992
 40
0.35
  0
POINT
  5
141
330
17
100
AcDbEntity
  8
F6_COMP_AU_00_01
100
AcDbPoint
 10
112.93859999999404
 20
43.14039999991655
 30
51.84699999999998
  0
CIRCLE
  5
142
330
17
100
AcDbEntity
  8
F6_COMP_AU_00_01
100
AcDbCircle
 10
112.93859999999404
 20
43.14039999991655
 30
51.84699999999998
 40
0.35
  0
POINT
  5
143
330
17
100
AcDbEntity
  8
F6_COMP_AU_01_05
100
AcDbPoint
 10
114.22199999995064
 20
33.26200000010431
 30
76.94899999999996
  0
CIRCLE
  5
144
330
17
100
AcDbEntity
  8
F6_COMP_AU_01_05
100
AcDbCircle
 10
114.22199999995064
 20
33.26200000010431
 30
76.94899999999996
 40
0.35
  0
POINT
  5
145
330
17
100
AcDbEntity
  8
F6_COMP_AU_00_01
100
AcDbPoint
 10
114.57659833994694
 20
38.50816186983138
 30
67.13699999999994
  0
CIRCLE
  5
146
330
17
100
AcDbEntity
  8
F6_COMP_AU_00_01
100
AcDbCircle
 10
114.57659833994694
 20
38.50816186983138
 30
67.13699999999994
 40
0.35
  0
POINT
  5
147
330
17
100
AcDbEntity
  8
F6_COMP_AU_00_01
100
AcDbPoint
 10
114.72371014999226
 20
39.16502629965544
 30
65.197
  0
CIRCLE
  5
148
330
17
100
AcDbEntity
  8
F6_COMP_AU_00_01
100
AcDbCircle
 10
114.72371014999226
 20
39.16502629965544
 30
65.197
 40
0.35
  0
POINT
  5
149
330
17
100
AcDbEntity
  8
F6_COMP_AU_00_01
100
AcDbPoint
 10
114.82589999993797
 20
42.6304999999702
 30
51.84699999999998
  0
CIRCLE
  5
14A
330
17
100
AcDbEntity
  8
F6_COMP_AU_00_01
100
AcDbCircle
 10
114.82589999993797
 20
42.6304999999702
 30
51.84699999999998
 40
0.35
  0
POINT
  5
14B
330
17
100
AcDbEntity
  8
F6_COMP_AU_00_01
100
AcDbPoint
 10
114.87578452995513
 20
39.61854344047606
 30
63.3069999999999
  0
CIRCLE
  5
14C
330
17
100
AcDbEntity
  8
F6_COMP_AU_00_01
100
AcDbCircle
 10
114.87578452995513
 20
39.61854344047606
 30
63.3069999999999
 40
0.35
  0
POINT
  5
14D
330
17
100
AcDbEntity
  8
F6_COMP_AU_00_01
100
AcDbPoint
 10
114.9862258899957
 20
40.05391908995807
 30
61.36699999999996
  0
CIRCLE
  5
14E
330
17
100
AcDbEntity
  8
F6_COMP_AU_00_01
100
AcDbCircle
 10
114.9862258899957
 20
40.05391908995807
 30
61.36699999999996
 40
0.35
  0
POINT
  5
14F
330
17
100
AcDbEntity
  8
F6_COMP_AU_00_01
100
AcDbPoint
 10
115.1293932099361
 20
40.82177759986371
 30
59.456999999999994
  0
CIRCLE
  5
150
330
17
100
AcDbEntity
  8
F6_COMP_AU_00_01
100
AcDbCircle
 10
115.1293932099361
 20
40.82177759986371
 30
59.456999999999994
 40
0.35
  0
POINT
  5
151
330
17
100
AcDbEntity
  8
F6_COMP_AU_00_01
100
AcDbPoint
 10
115.32423700997606
 20
43.04377449024469
 30
51.75699999999995
  0
CIRCLE
  5
152
330
17
100
AcDbEntity
  8
F6_COMP_AU_00_01
100
AcDbCircle
 10
115.32423700997606
 20
43.04377449024469
 30
51.75699999999995
 40
0.35
  0
POINT
  5
153
330
17
100
AcDbEntity
  8
F6_COMP_AU_01_05
100
AcDbPoint
 10
116.2149999999674
 20
33.186999999918044
 30
76.88099999999997
  0
CIRCLE
  5
154
330
17
100
AcDbEntity
  8
F6_COMP_AU_01_05
100
AcDbCircle
 10
116.2149999999674
 20
33.186999999918044
 30
76.88099999999997
 40
0.35
  0
POINT
  5
155
330
17
100
AcDbEntity
  8
F6_COMP_AU_00_01
100
AcDbPoint
 10
116.63549999997485
 20
41.96250000037253
 30
51.84699999999998
  0
CIRCLE
  5
156
330
17
100
AcDbEntity
  8
F6_COMP_AU_00_01
100
AcDbCircle
 10
116.63549999997485
 20
41.96250000037253
 30
51.84699999999998
 40
0.35
  0
POINT
  5
157
330
17
100
AcDbEntity
  8
F6_COMP_AU_00_01
100
AcDbPoint
 10
117.73899999994319
 20
40.317800000309944
 30
51.84699999999998
  0
CIRCLE
  5
158
330
17
100
AcDbEntity
  8
F6_COMP_AU_00_01
100
AcDbCircle
 10
117.73899999994319
 20
40.317800000309944
 30
51.84699999999998
 40
0.35
  0
POINT
  5
159
330
17
100
AcDbEntity
  8
F6_COMP_AU_GE_50
100
AcDbPoint
 10
118.2149999999674
 20
33.186999999918044
 30
76.74799999999993
  0
CIRCLE
  5
15A
330
17
100
AcDbEntity
  8
F6_COMP_AU_GE_50
100
AcDbCircle
 10
118.2149999999674
 20
33.186999999918044
 30
76.74799999999993
 40
0.35
  0
POINT
  5
15B
330
17
100
AcDbEntity
  8
F6_COMP_AU_01_05
100
AcDbPoint
 10
120.2149999999674
 20
33.186999999918044
 30
76.56899999999996
  0
CIRCLE
  5
15C
330
17
100
AcDbEntity
  8
F6_COMP_AU_01_05
100
AcDbCircle
 10
120.2149999999674
 20
33.186999999918044
 30
76.56899999999996
 40
0.35
  0
POINT
  5
15D
330
17
100
AcDbEntity
  8
F6_COMP_AU_00_01
100
AcDbPoint
 10
122.12780000001658
 20
35.533800000324845
 30
51.79699999999991
  0
CIRCLE
  5
15E
330
17
100
AcDbEntity
  8
F6_COMP_AU_00_01
100
AcDbCircle
 10
122.12780000001658
 20
35.533800000324845
 30
51.79699999999991
 40
0.35
  0
POINT
  5
15F
330
17
100
AcDbEntity
  8
F6_COMP_AU_00_01
100
AcDbPoint
 10
122.2149999999674
 20
33.186999999918044
 30
76.20499999999993
  0
CIRCLE
  5
160
330
17
100
AcDbEntity
  8
F6_COMP_AU_00_01
100
AcDbCircle
 10
122.2149999999674
 20
33.186999999918044
 30
76.20499999999993
 40
0.35
  0
POINT
  5
161
330
17
100
AcDbEntity
  8
F6_COMP_AU_00_01
100
AcDbPoint
 10
124.2149999999674
 20
33.16500000003725
 30
76.20499999999993
  0
CIRCLE
  5
162
330
17
100
AcDbEntity
  8
F6_COMP_AU_00_01
100
AcDbCircle
 10
124.2149999999674
 20
33.16500000003725
 30
76.20499999999993
 40
0.35
  0
POINT
  5
163
330
17
100
AcDbEntity
  8
F6_COMP_AU_00_01
100
AcDbPoint
 10
126.2139999999199
 20
33.178000000305474
 30
76.20499999999993
  0
CIRCLE
  5
164
330
17
100
AcDbEntity
  8
F6_COMP_AU_00_01
100
AcDbCircle
 10
126.2139999999199
 20
33.178000000305474
 30
76.20499999999993
 40
0.35
  0
POINT
  5
165
330
17
100
AcDbEntity
  8
F6_COMP_AU_05_15
100
AcDbPoint
 10
128.18599999998696
 20
33.50300000049174
 30
76.10699999999997
  0
CIRCLE
  5
166
330
17
100
AcDbEntity
  8
F6_COMP_AU_05_15
100
AcDbCircle
 10
128.18599999998696
 20
33.50300000049174
 30
76.10699999999997
 40
0.35
  0
POINT
  5
167
330
17
100
AcDbEntity
  8
F6_COMP_AU_00_01
100
AcDbPoint
 10
130.16299999994226
 20
33.80099999997765
 30
76.10699999999997
  0
CIRCLE
  5
168
330
17
100
AcDbEntity
  8
F6_COMP_AU_00_01
100
AcDbCircle
 10
130.16299999994226
 20
33.80099999997765
 30
76.10699999999997
 40
0.35
  0
POINT
  5
169
330
17
100
AcDbEntity
  8
F6_COMP_AU_00_01
100
AcDbPoint
 10
133.13509999995586
 20
50.231399999931455
 30
0.0
  0
CIRCLE
  5
16A
330
17
100
AcDbEntity
  8
F6_COMP_AU_00_01
100
AcDbCircle
 10
133.13509999995586
 20
50.231399999931455
 30
0.0
 40
0.35
  0
POINT
  5
16B
330
17
100
AcDbEntity
  8
F6_COMP_AU_00_01
100
AcDbPoint
 10
134.99029999994673
 20
49.48909999988973
 30
0.0
  0
CIRCLE
  5
16C
330
17
100
AcDbEntity
  8
F6_COMP_AU_00_01
100
AcDbCircle
 10
134.99029999994673
 20
49.48909999988973
 30
0.0
 40
0.35
  0
POINT
  5
16D
330
17
100
AcDbEntity
  8
F6_COMP_AU_00_01
100
AcDbPoint
 10
136.88919999997597
 20
48.865100000053644
 30
0.0
  0
CIRCLE
  5
16E
330
17
100
AcDbEntity
  8
F6_COMP_AU_00_01
100
AcDbCircle
 10
136.88919999997597
 20
48.865100000053644
 30
0.0
 40
0.35
  0
POINT
  5
16F
330
17
100
AcDbEntity
  8
F6_COMP_AU_00_01
100
AcDbPoint
 10
138.82319999998435
 20
48.35670000035316
 30
0.0
  0
CIRCLE
  5
170
330
17
100
AcDbEntity
  8
F6_COMP_AU_00_01
100
AcDbCircle
 10
138.82319999998435
 20
48.35670000035316
 30
0.0
 40
0.35
  0
POINT
  5
171
330
17
100
AcDbEntity
  8
F6_COMP_AU_00_01
100
AcDbPoint
 10
139.37099999992643
 20
32.75700000021607
 30
75.81399999999996
  0
CIRCLE
  5
172
330
17
100
AcDbEntity
  8
F6_COMP_AU_00_01
100
AcDbCircle
 10
139.37099999992643
 20
32.75700000021607
 30
75.81399999999996
 40
0.35
  0
POINT
  5
173
330
17
100
AcDbEntity
  8
F6_COMP_AU_00_01
100
AcDbPoint
 10
140.74060000001919
 20
47.787800000049174
 30
0.0
  0
CIRCLE
  5
174
330
17
100
AcDbEntity
  8
F6_COMP_AU_00_01
100
AcDbCircle
 10
140.74060000001919
 20
47.787800000049174
 30
0.0
 40
0.35
  0
POINT
  5
175
330
17
100
AcDbEntity
  8
F6_COMP_AU_00_01
100
AcDbPoint
 10
141.3619999999646
 20
32.5679999999702
 30
75.81399999999996
  0
CIRCLE
  5
176
330
17
100
AcDbEntity
  8
F6_COMP_AU_00_01
100
AcDbCircle
 10
141.3619999999646
 20
32.5679999999702
 30
75.81399999999996
 40
0.35
  0
POINT
  5
177
330
17
100
AcDbEntity
  8
F6_COMP_AU_00_01
100
AcDbPoint
 10
142.68880000000354
 20
47.33779999986291
 30
0.0
  0
CIRCLE
  5
178
330
17
100
AcDbEntity
  8
F6_COMP_AU_00_01
100
AcDbCircle
 10
142.68880000000354
 20
47.33779999986291
 30
0.0
 40
0.35
  0
POINT
  5
179
330
17
100
AcDbEntity
  8
F6_COMP_AU_01_05
100
AcDbPoint
 10
143.3389999999199
 20
32.28899999987334
 30
75.81399999999996
  0
CIRCLE
  5
17A
330
17
100
AcDbEntity
  8
F6_COMP_AU_01_05
100
AcDbCircle
 10
143.3389999999199
 20
32.28899999987334
 30
75.81399999999996
 40
0.35
  0
POINT
  5
17B
330
17
100
AcDbEntity
  8
F6_COMP_AU_00_01
100
AcDbPoint
 10
144.50520000001416
 20
35.59979999996722
 30
51.79699999999991
  0
CIRCLE
  5
17C
330
17
100
AcDbEntity
  8
F6_COMP_AU_00_01
100
AcDbCircle
 10
144.50520000001416
 20
35.59979999996722
 30
51.79699999999991
 40
0.35
  0
POINT
  5
17D
330
17
100
AcDbEntity
  8
F6_COMP_AU_00_01
100
AcDbPoint
 10
144.6422999999486
 20
46.9093000004068
 30
0.0
  0
CIRCLE
  5
17E
330
17
100
AcDbEntity
  8
F6_COMP_AU_00_01
100
AcDbCircle
 10
144.6422999999486
 20
46.9093000004068
 30
0.0
 40
0.35
  0
POINT
  5
17F
330
17
100
AcDbEntity
  8
F6_COMP_AU_00_01
100
AcDbPoint
 10
145.28200000000652
 20
31.813000000081956
 30
75.81399999999996
  0
CIRCLE
  5
180
330
17
100
AcDbEntity
  8
F6_COMP_AU_00_01
100
AcDbCircle
 10
145.28200000000652
 20
31.813000000081956
 30
75.81399999999996
 40
0.35
  0
POINT
  5
181
330
17
100
AcDbEntity
  8
F6_COMP_AU_00_01
100
AcDbPoint
 10
146.3275999999605
 20
35.05009999964386
 30
51.79699999999991
  0
CIRCLE
  5
182
330
17
100
AcDbEntity
  8
F6_COMP_AU_00_01
100
AcDbCircle
 10
146.3275999999605
 20
35.05009999964386
 30
51.79699999999991
 40
0.35
  0
POINT
  5
183
330
17
100
AcDbEntity
  8
F6_COMP_AU_00_01
100
AcDbPoint
 10
146.59679999994114
 20
46.48489999957383
 30
0.0
  0
CIRCLE
  5
184
330
17
100
AcDbEntity
  8
F6_COMP_AU_00_01
100
AcDbCircle
 10
146.59679999994114
 20
46.48489999957383
 30
0.0
 40
0.35
  0
POINT
  5
185
330
17
100
AcDbEntity
  8
F6_COMP_AU_00_01
100
AcDbPoint
 10
147.2399999999907
 20
31.412000000476837
 30
75.49599999999998
  0
CIRCLE
  5
186
330
17
100
AcDbEntity
  8
F6_COMP_AU_00_01
100
AcDbCircle
 10
147.2399999999907
 20
31.412000000476837
 30
75.49599999999998
 40
0.35
  0
POINT
  5
187
330
17
100
AcDbEntity
  8
F6_COMP_AU_00_01
100
AcDbPoint
 10
148.11069999996107
 20
34.404799999669194
 30
51.79699999999991
  0
CIRCLE
  5
188
330
17
100
AcDbEntity
  8
F6_COMP_AU_00_01
100
AcDbCircle
 10
148.11069999996107
 20
34.404799999669194
 30
51.79699999999991
 40
0.35
  0
POINT
  5
189
330
17
100
AcDbEntity
  8
F6_COMP_AU_00_01
100
AcDbPoint
 10
148.54960000002757
 20
46.05319999996573
 30
0.0
  0
CIRCLE
  5
18A
330
17
100
AcDbEntity
  8
F6_COMP_AU_00_01
100
AcDbCircle
 10
148.54960000002757
 20
46.05319999996573
 30
0.0
 40
0.35
  0
POINT
  5
18B
330
17
100
AcDbEntity
  8
F6_COMP_AU_00_01
100
AcDbPoint
 10
149.23600000003353
 20
31.32299999985844
 30
75.49599999999998
  0
CIRCLE
  5
18C
330
17
100
AcDbEntity
  8
F6_COMP_AU_00_01
100
AcDbCircle
 10
149.23600000003353
 20
31.32299999985844
 30
75.49599999999998
 40
0.35
  0
POINT
  5
18D
330
17
100
AcDbEntity
  8
F6_COMP_AU_00_01
100
AcDbPoint
 10
149.97879999992438
 20
34.69570000004023
 30
51.79699999999991
  0
CIRCLE
  5
18E
330
17
100
AcDbEntity
  8
F6_COMP_AU_00_01
100
AcDbCircle
 10
149.97879999992438
 20
34.69570000004023
 30
51.79699999999991
 40
0.35
  0
POINT
  5
18F
330
17
100
AcDbEntity
  8
F6_COMP_AU_00_01
100
AcDbPoint
 10
150.52939999999944
 20
45.8238000003621
 30
0.0
  0
CIRCLE
  5
190
330
17
100
AcDbEntity
  8
F6_COMP_AU_00_01
100
AcDbCircle
 10
150.52939999999944
 20
45.8238000003621
 30
0.0
 40
0.35
  0
POINT
  5
191
330
17
100
AcDbEntity
  8
F6_COMP_AU_00_01
100
AcDbPoint
 10
151.22600000002421
 20
31.127000000327826
 30
75.49599999999998
  0
CIRCLE
  5
192
330
17
100
AcDbEntity
  8
F6_COMP_AU_00_01
100
AcDbCircle
 10
151.22600000002421
 20
31.127000000327826
 30
75.49599999999998
 40
0.35
  0
POINT
  5
193
330
17
100
AcDbEntity
  8
F6_COMP_AU_15_50
100
AcDbPoint
 10
151.86060000001453
 20
34.774400000460446
 30
51.79699999999991
  0
CIRCLE
  5
194
330
17
100
AcDbEntity
  8
F6_COMP_AU_15_50
100
AcDbCircle
 10
151.86060000001453
 20
34.774400000460446
 30
51.79699999999991
 40
0.35
  0
POINT
  5
195
330
17
100
AcDbEntity
  8
F6_COMP_AU_00_01
100
AcDbPoint
 10
152.51319999992847
 20
46.044700000435114
 30
0.0
  0
CIRCLE
  5
196
330
17
100
AcDbEntity
  8
F6_COMP_AU_00_01
100
AcDbCircle
 10
152.51319999992847
 20
46.044700000435114
 30
0.0
 40
0.35
  0
POINT
  5
197
330
17
100
AcDbEntity
  8
F6_COMP_AU_05_15
100
AcDbPoint
 10
153.21899999992456
 20
30.973000000230968
 30
75.49599999999998
  0
CIRCLE
  5
198
330
17
100
AcDbEntity
  8
F6_COMP_AU_05_15
100
AcDbCircle
 10
153.21899999992456
 20
30.973000000230968
 30
75.49599999999998
 40
0.35
  0
POINT
  5
199
330
17
100
AcDbEntity
  8
F6_COMP_AU_01_05
100
AcDbPoint
 10
153.74989999993704
 20
34.71459999959916
 30
51.79699999999991
  0
CIRCLE
  5
19A
330
17
100
AcDbEntity
  8
F6_COMP_AU_01_05
100
AcDbCircle
 10
153.74989999993704
 20
34.71459999959916
 30
51.79699999999991
 40
0.35
  0
POINT
  5
19B
330
17
100
AcDbEntity
  8
F6_COMP_AU_00_01
100
AcDbPoint
 10
154.4714999999851
 20
46.43350000027567
 30
0.0
  0
CIRCLE
  5
19C
330
17
100
AcDbEntity
  8
F6_COMP_AU_00_01
100
AcDbCircle
 10
154.4714999999851
 20
46.43350000027567
 30
0.0
 40
0.35
  0
POINT
  5
19D
330
17
100
AcDbEntity
  8
F6_COMP_AU_00_01
100
AcDbPoint
 10
155.21199999994133
 20
30.817999999970198
 30
75.49599999999998
  0
CIRCLE
  5
19E
330
17
100
AcDbEntity
  8
F6_COMP_AU_00_01
100
AcDbCircle
 10
155.21199999994133
 20
30.817999999970198
 30
75.49599999999998
 40
0.35
  0
POINT
  5
19F
330
17
100
AcDbEntity
  8
F6_COMP_AU_00_01
100
AcDbPoint
 10
155.62879999994766
 20
34.55929999984801
 30
51.79699999999991
  0
CIRCLE
  5
1A0
330
17
100
AcDbEntity
  8
F6_COMP_AU_00_01
100
AcDbCircle
 10
155.62879999994766
 20
34.55929999984801
 30
51.79699999999991
 40
0.35
  0
POINT
  5
1A1
330
17
100
AcDbEntity
  8
F6_COMP_AU_01_05
100
AcDbPoint
 10
157.2049999999581
 20
30.65000000037253
 30
76.18999999999994
  0
CIRCLE
  5
1A2
330
17
100
AcDbEntity
  8
F6_COMP_AU_01_05
100
AcDbCircle
 10
157.2049999999581
 20
30.65000000037253
 30
76.18999999999994
 40
0.35
  0
POINT
  5
1A3
330
17
100
AcDbEntity
  8
F6_COMP_AU_00_01
100
AcDbPoint
 10
157.49529999995138
 20
34.23699999973178
 30
51.79699999999991
  0
CIRCLE
  5
1A4
330
17
100
AcDbEntity
  8
F6_COMP_AU_00_01
100
AcDbCircle
 10
157.49529999995138
 20
34.23699999973178
 30
51.79699999999991
 40
0.35
  0
POINT
  5
1A5
330
17
100
AcDbEntity
  8
F6_COMP_AU_00_01
100
AcDbPoint
 10
159.1929999999702
 20
30.44400000013411
 30
76.18999999999994
  0
CIRCLE
  5
1A6
330
17
100
AcDbEntity
  8
F6_COMP_AU_00_01
100
AcDbCircle
 10
159.1929999999702
 20
30.44400000013411
 30
76.18999999999994
 40
0.35
  0
POINT
  5
1A7
330
17
100
AcDbEntity
  8
F6_COMP_AU_00_01
100
AcDbPoint
 10
159.37839999992866
 20
34.017099999822676
 30
51.79699999999991
  0
CIRCLE
  5
1A8
330
17
100
AcDbEntity
  8
F6_COMP_AU_00_01
100
AcDbCircle
 10
159.37839999992866
 20
34.017099999822676
 30
51.79699999999991
 40
0.35
  0
POINT
  5
1A9
330
17
100
AcDbEntity
  8
F6_COMP_AU_00_01
100
AcDbPoint
 10
161.1699999999255
 20
30.154000000096858
 30
76.18999999999994
  0
CIRCLE
  5
1AA
330
17
100
AcDbEntity
  8
F6_COMP_AU_00_01
100
AcDbCircle
 10
161.1699999999255
 20
30.154000000096858
 30
76.18999999999994
 40
0.35
  0
POINT
  5
1AB
330
17
100
AcDbEntity
  8
F6_COMP_AU_00_01
100
AcDbPoint
 10
161.19439999992028
 20
33.51009999960661
 30
51.79699999999991
  0
CIRCLE
  5
1AC
330
17
100
AcDbEntity
  8
F6_COMP_AU_00_01
100
AcDbCircle
 10
161.19439999992028
 20
33.51009999960661
 30
51.79699999999991
 40
0.35
  0
POINT
  5
1AD
330
17
100
AcDbEntity
  8
F6_COMP_AU_00_01
100
AcDbPoint
 10
163.0174999999581
 20
33.01049999985844
 30
51.79699999999991
  0
CIRCLE
  5
1AE
330
17
100
AcDbEntity
  8
F6_COMP_AU_00_01
100
AcDbCircle
 10
163.0174999999581
 20
33.01049999985844
 30
51.79699999999991
 40
0.35
  0
POINT
  5
1AF
330
17
100
AcDbEntity
  8
F6_COMP_AU_00_01
100
AcDbPoint
 10
164.88219999999274
 20
32.691300000064075
 30
51.79699999999991
  0
CIRCLE
  5
1B0
330
17
100
AcDbEntity
  8
F6_COMP_AU_00_01
100
AcDbCircle
 10
164.88219999999274
 20
32.691300000064075
 30
51.79699999999991
 40
0.35
  0
POINT
  5
1B1
330
17
100
AcDbEntity
  8
F6_COMP_AU_01_05
100
AcDbPoint
 10
165.14899999997579
 20
29.80599999986589
 30
76.18999999999994
  0
CIRCLE
  5
1B2
330
17
100
AcDbEntity
  8
F6_COMP_AU_01_05
100
AcDbCircle
 10
165.14899999997579
 20
29.80599999986589
 30
76.18999999999994
 40
0.35
  0
POINT
  5
1B3
330
17
100
AcDbEntity
  8
F6_COMP_AU_15_50
100
AcDbPoint
 10
166.62069999997038
 20
31.971300000324845
 30
51.79699999999991
  0
CIRCLE
  5
1B4
330
17
100
AcDbEntity
  8
F6_COMP_AU_15_50
100
AcDbCircle
 10
166.62069999997038
 20
31.971300000324845
 30
51.79699999999991
 40
0.35
  0
POINT
  5
1B5
330
17
100
AcDbEntity
  8
F6_COMP_AU_00_01
100
AcDbPoint
 10
167.14199999999255
 20
29.683000000193715
 30
76.18999999999994
  0
CIRCLE
  5
1B6
330
17
100
AcDbEntity
  8
F6_COMP_AU_00_01
100
AcDbCircle
 10
167.14199999999255
 20
29.683000000193715
 30
76.18999999999994
 40
0.35
  0
POINT
  5
1B7
330
17
100
AcDbEntity
  8
F6_COMP_AU_05_15
100
AcDbPoint
 10
168.40700000000652
 20
31.310399999842048
 30
51.79699999999991
  0
CIRCLE
  5
1B8
330
17
100
AcDbEntity
  8
F6_COMP_AU_05_15
100
AcDbCircle
 10
168.40700000000652
 20
31.310399999842048
 30
51.79699999999991
 40
0.35
  0
POINT
  5
1B9
330
17
100
AcDbEntity
  8
F6_COMP_AU_15_50
100
AcDbPoint
 10
169.1350000000093
 20
29.531000000424683
 30
76.18999999999994
  0
CIRCLE
  5
1BA
330
17
100
AcDbEntity
  8
F6_COMP_AU_15_50
100
AcDbCircle
 10
169.1350000000093
 20
29.531000000424683
 30
76.18999999999994
 40
0.35
  0
POINT
  5
1BB
330
17
100
AcDbEntity
  8
F6_COMP_AU_15_50
100
AcDbPoint
 10
170.30929999996442
 20
31.23049999959767
 30
51.79699999999991
  0
CIRCLE
  5
1BC
330
17
100
AcDbEntity
  8
F6_COMP_AU_15_50
100
AcDbCircle
 10
170.30929999996442
 20
31.23049999959767
 30
51.79699999999991
 40
0.35
  0
POINT
  5
1BD
330
17
100
AcDbEntity
  8
F6_COMP_AU_GE_50
100
AcDbPoint
 10
171.12199999997392
 20
29.303000000305474
 30
76.18999999999994
  0
CIRCLE
  5
1BE
330
17
100
AcDbEntity
  8
F6_COMP_AU_GE_50
100
AcDbCircle
 10
171.12199999997392
 20
29.303000000305474
 30
76.18999999999994
 40
0.35
  0
POINT
  5
1BF
330
17
100
AcDbEntity
  8
F6_COMP_AU_15_50
100
AcDbPoint
 10
172.1931999999797
 20
31.13729999959469
 30
51.79699999999991
  0
CIRCLE
  5
1C0
330
17
100
AcDbEntity
  8
F6_COMP_AU_15_50
100
AcDbCircle
 10
172.1931999999797
 20
31.13729999959469
 30
51.79699999999991
 40
0.35
  0
POINT
  5
1C1
330
17
100
AcDbEntity
  8
F6_COMP_AU_15_50
100
AcDbPoint
 10
173.11800000001676
 20
29.16899999976158
 30
77.53599999999994
  0
CIRCLE
  5
1C2
330
17
100
AcDbEntity
  8
F6_COMP_AU_15_50
100
AcDbCircle
 10
173.11800000001676
 20
29.16899999976158
 30
77.53599999999994
 40
0.35
  0
POINT
  5
1C3
330
17
100
AcDbEntity
  8
F6_COMP_AU_15_50
100
AcDbPoint
 10
174.0677999999607
 20
30.992999999783933
 30
51.79699999999991
  0
CIRCLE
  5
1C4
330
17
100
AcDbEntity
  8
F6_COMP_AU_15_50
100
AcDbCircle
 10
174.0677999999607
 20
30.992999999783933
 30
51.79699999999991
 40
0.35
  0
POINT
  5
1C5
330
17
100
AcDbEntity
  8
F6_COMP_AU_00_01
100
AcDbPoint
 10
175.11699999996927
 20
29.13800000026822
 30
77.53599999999994
  0
CIRCLE
  5
1C6
330
17
100
AcDbEntity
  8
F6_COMP_AU_00_01
100
AcDbCircle
 10
175.11699999996927
 20
29.13800000026822
 30
77.53599999999994
 40
0.35
  0
POINT
  5
1C7
330
17
100
AcDbEntity
  8
F6_COMP_AU_05_15
100
AcDbPoint
 10
175.936299999943
 20
30.802500000223517
 30
51.79699999999991
  0
CIRCLE
  5
1C8
330
17
100
AcDbEntity
  8
F6_COMP_AU_05_15
100
AcDbCircle
 10
175.936299999943
 20
30.802500000223517
 30
51.79699999999991
 40
0.35
  0
POINT
  5
1C9
330
17
100
AcDbEntity
  8
F6_COMP_AU_GE_50
100
AcDbPoint
 10
177.09799999999814
 20
29.06400000024587
 30
77.53599999999994
  0
CIRCLE
  5
1CA
330
17
100
AcDbEntity
  8
F6_COMP_AU_GE_50
100
AcDbCircle
 10
177.09799999999814
 20
29.06400000024587
 30
77.53599999999994
 40
0.35
  0
POINT
  5
1CB
330
17
100
AcDbEntity
  8
F6_COMP_AU_05_15
100
AcDbPoint
 10
177.6927999999607
 20
30.10840000025928
 30
51.79699999999991
  0
CIRCLE
  5
1CC
330
17
100
AcDbEntity
  8
F6_COMP_AU_05_15
100
AcDbCircle
 10
177.6927999999607
 20
30.10840000025928
 30
51.79699999999991
 40
0.35
  0
POINT
  5
1CD
330
17
100
AcDbEntity
  8
F6_COMP_AU_00_01
100
AcDbPoint
 10
184.77308452001307
 20
18.371690340340137
 30
80.39017710999997
  0
CIRCLE
  5
1CE
330
17
100
AcDbEntity
  8
F6_COMP_AU_00_01
100
AcDbCircle
 10
184.77308452001307
 20
18.371690340340137
 30
80.39017710999997
 40
0.35
  0
POINT
  5
1CF
330
17
100
AcDbEntity
  8
F6_COMP_AU_15_50
100
AcDbPoint
 10
184.77308452001307
 20
18.371690340340137
 30
84.45912624999994
  0
CIRCLE
  5
1D0
330
17
100
AcDbEntity
  8
F6_COMP_AU_15_50
100
AcDbCircle
 10
184.77308452001307
 20
18.371690340340137
 30
84.45912624999994
 40
0.35
  0
POINT
  5
1D1
330
17
100
AcDbEntity
  8
F6_COMP_AU_00_01
100
AcDbPoint
 10
186.70525351993274
 20
17.898805749602616
 30
80.39017710999997
  0
CIRCLE
  5
1D2
330
17
100
AcDbEntity
  8
F6_COMP_AU_00_01
100
AcDbCircle
 10
186.70525351993274
 20
17.898805749602616
 30
80.39017710999997
 40
0.35
  0
POINT
  5
1D3
330
17
100
AcDbEntity
  8
F6_COMP_AU_05_15
100
AcDbPoint
 10
186.70525351993274
 20
17.898805749602616
 30
84.45912624999994
  0
CIRCLE
  5
1D4
330
17
100
AcDbEntity
  8
F6_COMP_AU_05_15
100
AcDbCircle
 10
186.70525351993274
 20
17.898805749602616
 30
84.45912624999994
 40
0.35
  0
POINT
  5
1D5
330
17
100
AcDbEntity
  8
F6_COMP_AU_05_15
100
AcDbPoint
 10
188.56858433003072
 20
17.44276881031692
 30
80.39017710999997
  0
CIRCLE
  5
1D6
330
17
100
AcDbEntity
  8
F6_COMP_AU_05_15
100
AcDbCircle
 10
188.56858433003072
 20
17.44276881031692
 30
80.39017710999997
 40
0.35
  0
POINT
  5
1D7
330
17
100
AcDbEntity
  8
F6_COMP_AU_15_50
100
AcDbPoint
 10
188.56858433003072
 20
17.44276881031692
 30
84.45912624999994
  0
CIRCLE
  5
1D8
330
17
100
AcDbEntity
  8
F6_COMP_AU_15_50
100
AcDbCircle
 10
188.56858433003072
 20
17.44276881031692
 30
84.45912624999994
 40
0.35
  0
POINT
  5
1D9
330
17
100
AcDbEntity
  8
F6_COMP_AU_05_15
100
AcDbPoint
 10
190.5258601399837
 20
16.829443220049143
 30
80.39017710999997
  0
CIRCLE
  5
1DA
330
17
100
AcDbEntity
  8
F6_COMP_AU_05_15
100
AcDbCircle
 10
190.5258601399837
 20
16.829443220049143
 30
80.39017710999997
 40
0.35
  0
POINT
  5
1DB
330
17
100
AcDbEntity
  8
F6_COMP_AU_15_50
100
AcDbPoint
 10
190.5258601399837
 20
16.829443220049143
 30
84.45912624999994
  0
CIRCLE
  5
1DC
330
17
100
AcDbEntity
  8
F6_COMP_AU_15_50
100
AcDbCircle
 10
190.5258601399837
 20
16.829443220049143
 30
84.45912624999994
 40
0.35
  0
POINT
  5
1DD
330
17
100
AcDbEntity
  8
F6_COMP_AU_15_50
100
AcDbPoint
 10
191.3059999999823
 20
18.356999999843538
 30
91.46499999999992
  0
CIRCLE
  5
1DE
330
17
100
AcDbEntity
  8
F6_COMP_AU_15_50
100
AcDbCircle
 10
191.3059999999823
 20
18.356999999843538
 30
91.46499999999992
 40
0.35
  0
POINT
  5
1DF
330
17
100
AcDbEntity
  8
F6_COMP_AU_05_15
100
AcDbPoint
 10
192.46727699995972
 20
16.833984290249646
 30
80.39017710999997
  0
CIRCLE
  5
1E0
330
17
100
AcDbEntity
  8
F6_COMP_AU_05_15
100
AcDbCircle
 10
192.46727699995972
 20
16.833984290249646
 30
80.39017710999997
 40
0.35
  0
POINT
  5
1E1
330
17
100
AcDbEntity
  8
F6_COMP_AU_01_05
100
AcDbPoint
 10
192.46727699995972
 20
16.833984290249646
 30
84.45912624999994
  0
CIRCLE
  5
1E2
330
17
100
AcDbEntity
  8
F6_COMP_AU_01_05
100
AcDbCircle
 10
192.46727699995972
 20
16.833984290249646
 30
84.45912624999994
 40
0.35
  0
POINT
  5
1E3
330
17
100
AcDbEntity
  8
F6_COMP_AU_01_05
100
AcDbPoint
 10
194.55193320999388
 20
16.61434544995427
 30
80.39017710999997
  0
CIRCLE
  5
1E4
330
17
100
AcDbEntity
  8
F6_COMP_AU_01_05
100
AcDbCircle
 10
194.55193320999388
 20
16.61434544995427
 30
80.39017710999997
 40
0.35
  0
POINT
  5
1E5
330
17
100
AcDbEntity
  8
F6_COMP_AU_01_05
100
AcDbPoint
 10
194.55193320999388
 20
16.61434544995427
 30
84.45912624999994
  0
CIRCLE
  5
1E6
330
17
100
AcDbEntity
  8
F6_COMP_AU_01_05
100
AcDbCircle
 10
194.55193320999388
 20
16.61434544995427
 30
84.45912624999994
 40
0.35
  0
POINT
  5
1E7
330
17
100
AcDbEntity
  8
F6_COMP_AU_00_01
100
AcDbPoint
 10
195.2949999999255
 20
18.09499999973923
 30
91.57399999999996
  0
CIRCLE
  5
1E8
330
17
100
AcDbEntity
  8
F6_COMP_AU_00_01
100
AcDbCircle
 10
195.2949999999255
 20
18.09499999973923
 30
91.57399999999996
 40
0.35
  0
POINT
  5
1E9
330
17
100
AcDbEntity
  8
F6_COMP_AU_15_50
100
AcDbPoint
 10
196.65626721002627
 20
16.71346857957542
 30
80.39017710999997
  0
CIRCLE
  5
1EA
330
17
100
AcDbEntity
  8
F6_COMP_AU_15_50
100
AcDbCircle
 10
196.65626721002627
 20
16.71346857957542
 30
80.39017710999997
 40
0.35
  0
POINT
  5
1EB
330
17
100
AcDbEntity
  8
F6_COMP_AU_05_15
100
AcDbPoint
 10
196.65626721002627
 20
16.71346857957542
 30
83.19653406999998
  0
CIRCLE
  5
1EC
330
17
100
AcDbEntity
  8
F6_COMP_AU_05_15
100
AcDbCircle
 10
196.65626721002627
 20
16.71346857957542
 30
83.19653406999998
 40
0.35
  0
POINT
  5
1ED
330
17
100
AcDbEntity
  8
F6_COMP_AU_01_05
100
AcDbPoint
 10
197.25740000000224
 20
26.568800000473857
 30
11.494899999999916
  0
CIRCLE
  5
1EE
330
17
100
AcDbEntity
  8
F6_COMP_AU_01_05
100
AcDbCircle
 10
197.25740000000224
 20
26.568800000473857
 30
11.494899999999916
 40
0.35
  0
POINT
  5
1EF
330
17
100
AcDbEntity
  8
F6_COMP_AU_00_01
100
AcDbPoint
 10
197.28799999994226
 20
17.924999999813735
 30
91.67699999999991
  0
CIRCLE
  5
1F0
330
17
100
AcDbEntity
  8
F6_COMP_AU_00_01
100
AcDbCircle
 10
197.28799999994226
 20
17.924999999813735
 30
91.67699999999991
 40
0.35
  0
POINT
  5
1F1
330
17
100
AcDbEntity
  8
F6_COMP_AU_00_01
100
AcDbPoint
 10
198.6526709999889
 20
16.75952162966132
 30
80.39017710999997
  0
CIRCLE
  5
1F2
330
17
100
AcDbEntity
  8
F6_COMP_AU_00_01
100
AcDbCircle
 10
198.6526709999889
 20
16.75952162966132
 30
80.39017710999997
 40
0.35
  0
POINT
  5
1F3
330
17
100
AcDbEntity
  8
F6_COMP_AU_01_05
100
AcDbPoint
 10
198.6526709999889
 20
16.75952162966132
 30
83.19653406999998
  0
CIRCLE
  5
1F4
330
17
100
AcDbEntity
  8
F6_COMP_AU_01_05
100
AcDbCircle
 10
198.6526709999889
 20
16.75952162966132
 30
83.19653406999998
 40
0.35
  0
POINT
  5
1F5
330
17
100
AcDbEntity
  8
F6_COMP_AU_01_05
100
AcDbPoint
 10
199.07199999992736
 20
25.727800000458956
 30
11.494899999999916
  0
CIRCLE
  5
1F6
330
17
100
AcDbEntity
  8
F6_COMP_AU_01_05
100
AcDbCircle
 10
199.07199999992736
 20
25.727800000458956
 30
11.494899999999916
 40
0.35
  0
POINT
  5
1F7
330
17
100
AcDbEntity
  8
F6_COMP_AU_05_15
100
AcDbPoint
 10
199.2839999999851
 20
17.940999999642372
 30
91.78099999999995
  0
CIRCLE
  5
1F8
330
17
100
AcDbEntity
  8
F6_COMP_AU_05_15
100
AcDbCircle
 10
199.2839999999851
 20
17.940999999642372
 30
91.78099999999995
 40
0.35
  0
POINT
  5
1F9
330
17
100
AcDbEntity
  8
F6_COMP_AU_01_05
100
AcDbPoint
 10
200.27193971001543
 20
16.979376980103552
 30
80.39017710999997
  0
CIRCLE
  5
1FA
330
17
100
AcDbEntity
  8
F6_COMP_AU_01_05
100
AcDbCircle
 10
200.27193971001543
 20
16.979376980103552
 30
80.39017710999997
 40
0.35
  0
POINT
  5
1FB
330
17
100
AcDbEntity
  8
F6_COMP_AU_15_50
100
AcDbPoint
 10
200.27193971001543
 20
16.979376980103552
 30
83.19653406999998
  0
CIRCLE
  5
1FC
330
17
100
AcDbEntity
  8
F6_COMP_AU_15_50
100
AcDbCircle
 10
200.27193971001543
 20
16.979376980103552
 30
83.19653406999998
 40
0.35
  0
POINT
  5
1FD
330
17
100
AcDbEntity
  8
F6_COMP_AU_01_05
100
AcDbPoint
 10
201.02879999997094
 20
25.31400000024587
 30
11.190200000000004
  0
CIRCLE
  5
1FE
330
17
100
AcDbEntity
  8
F6_COMP_AU_01_05
100
AcDbCircle
 10
201.02879999997094
 20
25.31400000024587
 30
11.190200000000004
 40
0.35
  0
POINT
  5
1FF
330
17
100
AcDbEntity
  8
F6_COMP_AU_01_05
100
AcDbPoint
 10
201.28200000000652
 20
18.03000000026077
 30
91.98699999999997
  0
CIRCLE
  5
200
330
17
100
AcDbEntity
  8
F6_COMP_AU_01_05
100
AcDbCircle
 10
201.28200000000652
 20
18.03000000026077
 30
91.98699999999997
 40
0.35
  0
POINT
  5
201
330
17
100
AcDbEntity
  8
F6_COMP_AU_05_15
100
AcDbPoint
 10
202.303314890014
 20
16.934685019776225
 30
80.39017710999997
  0
CIRCLE
  5
202
330
17
100
AcDbEntity
  8
F6_COMP_AU_05_15
100
AcDbCircle
 10
202.303314890014
 20
16.934685019776225
 30
80.39017710999997
 40
0.35
  0
POINT
  5
203
330
17
100
AcDbEntity
  8
F6_COMP_AU_05_15
100
AcDbPoint
 10
202.303314890014
 20
16.934685019776225
 30
83.19653406999998
  0
CIRCLE
  5
204
330
17
100
AcDbEntity
  8
F6_COMP_AU_05_15
100
AcDbCircle
 10
202.303314890014
 20
16.934685019776225
 30
83.19653406999998
 40
0.35
  0
POINT
  5
205
330
17
100
AcDbEntity
  8
F6_COMP_AU_00_01
100
AcDbPoint
 10
202.67765541002154
 20
25.769269480369985
 30
11.190239959999985
  0
CIRCLE
  5
206
330
17
100
AcDbEntity
  8
F6_COMP_AU_00_01
100
AcDbCircle
 10
202.67765541002154
 20
25.769269480369985
 30
11.190239959999985
 40
0.35
  0
POINT
  5
207
330
17
100
AcDbEntity
  8
F6_COMP_AU_GE_50
100
AcDbPoint
 10
203.28099999995902
 20
18.09499999973923
 30
91.98699999999997
  0
CIRCLE
  5
208
330
17
100
AcDbEntity
  8
F6_COMP_AU_GE_50
100
AcDbCircle
 10
203.28099999995902
 20
18.09499999973923
 30
91.98699999999997
 40
0.35
  0
POINT
  5
209
330
17
100
AcDbEntity
  8
F6_COMP_AU_01_05
100
AcDbPoint
 10
204.46238829998765
 20
25.672290969640017
 30
11.190239959999985
  0
CIRCLE
  5
20A
330
17
100
AcDbEntity
  8
F6_COMP_AU_01_05
100
AcDbCircle
 10
204.46238829998765
 20
25.672290969640017
 30
11.190239959999985
 40
0.35
  0
POINT
  5
20B
330
17
100
AcDbEntity
  8
F6_COMP_AU_05_15
100
AcDbPoint
 10
204.52652185002808
 20
17.012948400340974
 30
80.39017710999997
  0
CIRCLE
  5
20C
330
17
100
AcDbEntity
  8
F6_COMP_AU_05_15
100
AcDbCircle
 10
204.52652185002808
 20
17.012948400340974
 30
80.39017710999997
 40
0.35
  0
POINT
  5
20D
330
17
100
AcDbEntity
  8
F6_COMP_AU_05_15
100
AcDbPoint
 10
204.52652185002808
 20
17.012948400340974
 30
83.19653406999998
  0
CIRCLE
  5
20E
330
17
100
AcDbEntity
  8
F6_COMP_AU_05_15
100
AcDbCircle
 10
204.52652185002808
 20
17.012948400340974
 30
83.19653406999998
 40
0.35
  0
POINT
  5
20F
330
17
100
AcDbEntity
  8
F6_COMP_AU_15_50
100
AcDbPoint
 10
205.27599999995437
 20
17.998999999836087
 30
92.09499999999991
  0
CIRCLE
  5
210
330
17
100
AcDbEntity
  8
F6_COMP_AU_15_50
100
AcDbCircle
 10
205.27599999995437
 20
17.998999999836087
 30
92.09499999999991
 40
0.35
  0
POINT
  5
211
330
17
100
AcDbEntity
  8
F6_COMP_AU_00_01
100
AcDbPoint
 10
206.4467935699504
 20
26.00908020976931
 30
11.190239959999985
  0
CIRCLE
  5
212
330
17
100
AcDbEntity
  8
F6_COMP_AU_00_01
100
AcDbCircle
 10
206.4467935699504
 20
26.00908020976931
 30
11.190239959999985
 40
0.35
  0
POINT
  5
213
330
17
100
AcDbEntity
  8
F6_COMP_AU_05_15
100
AcDbPoint
 10
206.479117579991
 20
17.041776590049267
 30
80.39017710999997
  0
CIRCLE
  5
214
330
17
100
AcDbEntity
  8
F6_COMP_AU_05_15
100
AcDbCircle
 10
206.479117579991
 20
17.041776590049267
 30
80.39017710999997
 40
0.35
  0
POINT
  5
215
330
17
100
AcDbEntity
  8
F6_COMP_AU_15_50
100
AcDbPoint
 10
206.479117579991
 20
17.041776590049267
 30
83.19653406999998
  0
CIRCLE
  5
216
330
17
100
AcDbEntity
  8
F6_COMP_AU_15_50
100
AcDbCircle
 10
206.479117579991
 20
17.041776590049267
 30
83.19653406999998
 40
0.35
  0
POINT
  5
217
330
17
100
AcDbEntity
  8
F6_COMP_AU_15_50
100
AcDbPoint
 10
207.27599999995437
 20
17.99199999962002
 30
92.19899999999996
  0
CIRCLE
  5
218
330
17
100
AcDbEntity
  8
F6_COMP_AU_15_50
100
AcDbCircle
 10
207.27599999995437
 20
17.99199999962002
 30
92.19899999999996
 40
0.35
  0
POINT
  5
219
330
17
100
AcDbEntity
  8
F6_COMP_AU_00_01
100
AcDbPoint
 10
208.32793946994934
 20
26.294828670099378
 30
11.175313249999931
  0
CIRCLE
  5
21A
330
17
100
AcDbEntity
  8
F6_COMP_AU_00_01
100
AcDbCircle
 10
208.32793946994934
 20
26.294828670099378
 30
11.175313249999931
 40
0.35
  0
POINT
  5
21B
330
17
100
AcDbEntity
  8
F6_COMP_AU_01_05
100
AcDbPoint
 10
208.38295271003153
 20
16.85336131043732
 30
80.39017710999997
  0
CIRCLE
  5
21C
330
17
100
AcDbEntity
  8
F6_COMP_AU_01_05
100
AcDbCircle
 10
208.38295271003153
 20
16.85336131043732
 30
80.39017710999997
 40
0.35
  0
POINT
  5
21D
330
17
100
AcDbEntity
  8
F6_COMP_AU_05_15
100
AcDbPoint
 10
208.38295271003153
 20
16.85336131043732
 30
83.19653406999998
  0
CIRCLE
  5
21E
330
17
100
AcDbEntity
  8
F6_COMP_AU_05_15
100
AcDbCircle
 10
208.38295271003153
 20
16.85336131043732
 30
83.19653406999998
 40
0.35
  0
POINT
  5
21F
330
17
100
AcDbEntity
  8
F6_COMP_AU_00_01
100
AcDbPoint
 10
210.31382615992334
 20
25.92171906027943
 30
11.142827109999985
  0
CIRCLE
  5
220
330
17
100
AcDbEntity
  8
F6_COMP_AU_00_01
100
AcDbCircle
 10
210.31382615992334
 20
25.92171906027943
 30
11.142827109999985
 40
0.35
  0
POINT
  5
221
330
17
100
AcDbEntity
  8
F6_COMP_AU_15_50
100
AcDbPoint
 10
211.62099999992643
 20
17.976999999955297
 30
92.79499999999996
  0
CIRCLE
  5
222
330
17
100
AcDbEntity
  8
F6_COMP_AU_15_50
100
AcDbCircle
 10
211.62099999992643
 20
17.976999999955297
 30
92.79499999999996
 40
0.35
  0
POINT
  5
223
330
17
100
AcDbEntity
  8
F6_COMP_AU_00_01
100
AcDbPoint
 10
212.22321555996314
 20
25.36422611027956
 30
11.105633669999975
  0
CIRCLE
  5
224
330
17
100
AcDbEntity
  8
F6_COMP_AU_00_01
100
AcDbCircle
 10
212.22321555996314
 20
25.36422611027956
 30
11.105633669999975
 40
0.35
  0
POINT
  5
225
330
17
100
AcDbEntity
  8
F6_COMP_AU_01_05
100
AcDbPoint
 10
213.57681134995073
 20
16.27727985009551
 30
84.27016185999992
  0
CIRCLE
  5
226
330
17
100
AcDbEntity
  8
F6_COMP_AU_01_05
100
AcDbCircle
 10
213.57681134995073
 20
16.27727985009551
 30
84.27016185999992
 40
0.35
  0
POINT
  5
227
330
17
100
AcDbEntity
  8
F6_COMP_AU_GE_50
100
AcDbPoint
 10
213.57681134995073
 20
16.27727985009551
 30
85.97229115999994
  0
CIRCLE
  5
228
330
17
100
AcDbEntity
  8
F6_COMP_AU_GE_50
100
AcDbCircle
 10
213.57681134995073
 20
16.27727985009551
 30
85.97229115999994
 40
0.35
  0
POINT
  5
229
330
17
100
AcDbEntity
  8
F6_COMP_AU_GE_50
100
AcDbPoint
 10
213.61899999994785
 20
17.940000000409782
 30
93.4079999999999
  0
CIRCLE
  5
22A
330
17
100
AcDbEntity
  8
F6_COMP_AU_GE_50
100
AcDbCircle
 10
213.61899999994785
 20
17.940000000409782
 30
93.4079999999999
 40
0.35
  0
POINT
  5
22B
330
17
100
AcDbEntity
  8
F6_COMP_AU_05_15
100
AcDbPoint
 10
214.21708660002332
 20
25.29149517044425
 30
11.043972139999937
  0
CIRCLE
  5
22C
330
17
100
AcDbEntity
  8
F6_COMP_AU_05_15
100
AcDbCircle
 10
214.21708660002332
 20
25.29149517044425
 30
11.043972139999937
 40
0.35
  0
POINT
  5
22D
330
17
100
AcDbEntity
  8
F6_COMP_AU_15_50
100
AcDbPoint
 10
215.60800000000745
 20
17.739000000059605
 30
93.91999999999996
  0
CIRCLE
  5
22E
330
17
100
AcDbEntity
  8
F6_COMP_AU_15_50
100
AcDbCircle
 10
215.60800000000745
 20
17.739000000059605
 30
93.91999999999996
 40
0.35
  0
POINT
  5
22F
330
17
100
AcDbEntity
  8
F6_COMP_AU_GE_50
100
AcDbPoint
 10
215.6154546199832
 20
16.353971740230918
 30
84.27016185999992
  0
CIRCLE
  5
230
330
17
100
AcDbEntity
  8
F6_COMP_AU_GE_50
100
AcDbCircle
 10
215.6154546199832
 20
16.353971740230918
 30
84.27016185999992
 40
0.35
  0
POINT
  5
231
330
17
100
AcDbEntity
  8
F6_COMP_AU_15_50
100
AcDbPoint
 10
215.6154546199832
 20
16.353971740230918
 30
85.97229115999994
  0
CIRCLE
  5
232
330
17
100
AcDbEntity
  8
F6_COMP_AU_15_50
100
AcDbCircle
 10
215.6154546199832
 20
16.353971740230918
 30
85.97229115999994
 40
0.35
  0
POINT
  5
233
330
17
100
AcDbEntity
  8
F6_COMP_AU_15_50
100
AcDbPoint
 10
216.0769391199574
 20
25.25137470010668
 30
10.97486927
  0
CIRCLE
  5
234
330
17
100
AcDbEntity
  8
F6_COMP_AU_15_50
100
AcDbCircle
 10
216.0769391199574
 20
25.25137470010668
 30
10.97486927
 40
0.35
  0
POINT
  5
235
330
17
100
AcDbEntity
  8
F6_COMP_AU_01_05
100
AcDbPoint
 10
216.18426810996607
 20
25.539671749807894
 30
10.974164789999918
  0
CIRCLE
  5
236
330
17
100
AcDbEntity
  8
F6_COMP_AU_01_05
100
AcDbCircle
 10
216.18426810996607
 20
25.539671749807894
 30
10.974164789999918
 40
0.35
  0
POINT
  5
237
330
17
100
AcDbEntity
  8
F6_COMP_AU_15_50
100
AcDbPoint
 10
217.52610000001732
 20
24.88190000038594
 30
11.09579999999994
  0
CIRCLE
  5
238
330
17
100
AcDbEntity
  8
F6_COMP_AU_15_50
100
AcDbCircle
 10
217.52610000001732
 20
24.88190000038594
 30
11.09579999999994
 40
0.35
  0
POINT
  5
239
330
17
100
AcDbEntity
  8
F6_COMP_AU_GE_50
100
AcDbPoint
 10
217.53055618994404
 20
16.39336314983666
 30
84.27016185999992
  0
CIRCLE
  5
23A
330
17
100
AcDbEntity
  8
F6_COMP_AU_GE_50
100
AcDbCircle
 10
217.53055618994404
 20
16.39336314983666
 30
84.27016185999992
 40
0.35
  0
POINT
  5
23B
330
17
100
AcDbEntity
  8
F6_COMP_AU_GE_50
100
AcDbPoint
 10
217.53055618994404
 20
16.39336314983666
 30
85.97229115999994
  0
CIRCLE
  5
23C
330
17
100
AcDbEntity
  8
F6_COMP_AU_GE_50
100
AcDbCircle
 10
217.53055618994404
 20
16.39336314983666
 30
85.97229115999994
 40
0.35
  0
POINT
  5
23D
330
17
100
AcDbEntity
  8
F6_COMP_AU_15_50
100
AcDbPoint
 10
217.53599999996368
 20
17.218000000342727
 30
94.03899999999999
  0
CIRCLE
  5
23E
330
17
100
AcDbEntity
  8
F6_COMP_AU_15_50
100
AcDbCircle
 10
217.53599999996368
 20
17.218000000342727
 30
94.03899999999999
 40
0.35
  0
POINT
  5
23F
330
17
100
AcDbEntity
  8
F6_COMP_AU_05_15
100
AcDbPoint
 10
219.4243575599976
 20
15.654856899753213
 30
84.27016185999992
  0
CIRCLE
  5
240
330
17
100
AcDbEntity
  8
F6_COMP_AU_05_15
100
AcDbCircle
 10
219.4243575599976
 20
15.654856899753213
 30
84.27016185999992
 40
0.35
  0
POINT
  5
241
330
17
100
AcDbEntity
  8
F6_COMP_AU_15_50
100
AcDbPoint
 10
219.4243575599976
 20
15.654856899753213
 30
85.97229115999994
  0
CIRCLE
  5
242
330
17
100
AcDbEntity
  8
F6_COMP_AU_15_50
100
AcDbCircle
 10
219.4243575599976
 20
15.654856899753213
 30
85.97229115999994
 40
0.35
  0
POINT
  5
243
330
17
100
AcDbEntity
  8
F6_COMP_AU_15_50
100
AcDbPoint
 10
219.45100000000093
 20
16.644000000320375
 30
94.14699999999993
  0
CIRCLE
  5
244
330
17
100
AcDbEntity
  8
F6_COMP_AU_15_50
100
AcDbCircle
 10
219.45100000000093
 20
16.644000000320375
 30
94.14699999999993
 40
0.35
  0
POINT
  5
245
330
17
100
AcDbEntity
  8
F6_COMP_AU_05_15
100
AcDbPoint
 10
219.5097999999998
 20
24.700299999676645
 30
11.09579999999994
  0
CIRCLE
  5
246
330
17
100
AcDbEntity
  8
F6_COMP_AU_05_15
100
AcDbCircle
 10
219.5097999999998
 20
24.700299999676645
 30
11.09579999999994
 40
0.35
  0
POINT
  5
247
330
17
100
AcDbEntity
  8
F6_COMP_AU_01_05
100
AcDbPoint
 10
221.3869999999879
 20
16.15500000026077
 30
94.24699999999996
  0
CIRCLE
  5
248
330
17
100
AcDbEntity
  8
F6_COMP_AU_01_05
100
AcDbCircle
 10
221.3869999999879
 20
16.15500000026077
 30
94.24699999999996
 40
0.35
  0
POINT
  5
249
330
17
100
AcDbEntity
  8
F6_COMP_AU_15_50
100
AcDbPoint
 10
221.49929375993088
 20
15.369591570459306
 30
84.27016185999992
  0
CIRCLE
  5
24A
330
17
100
AcDbEntity
  8
F6_COMP_AU_15_50
100
AcDbCircle
 10
221.49929375993088
 20
15.369591570459306
 30
84.27016185999992
 40
0.35
  0
POINT
  5
24B
330
17
100
AcDbEntity
  8
F6_COMP_AU_05_15
100
AcDbPoint
 10
221.49929375993088
 20
15.369591570459306
 30
85.97229115999994
  0
CIRCLE
  5
24C
330
17
100
AcDbEntity
  8
F6_COMP_AU_05_15
100
AcDbCircle
 10
221.49929375993088
 20
15.369591570459306
 30
85.97229115999994
 40
0.35
  0
POINT
  5
24D
330
17
100
AcDbEntity
  8
F6_COMP_AU_05_15
100
AcDbPoint
 10
221.50769999995828
 20
24.831899999640882
 30
11.09579999999994
  0
CIRCLE
  5
24E
330
17
100
AcDbEntity
  8
F6_COMP_AU_05_15
100
AcDbCircle
 10
221.50769999995828
 20
24.831899999640882
 30
11.09579999999994
 40
0.35
  0
POINT
  5
24F
330
17
100
AcDbEntity
  8
F6_COMP_AU_GE_50
100
AcDbPoint
 10
223.2245855500223
 20
14.85223693959415
 30
84.27016185999992
  0
CIRCLE
  5
250
330
17
100
AcDbEntity
  8
F6_COMP_AU_GE_50
100
AcDbCircle
 10
223.2245855500223
 20
14.85223693959415
 30
84.27016185999992
 40
0.35
  0
POINT
  5
251
330
17
100
AcDbEntity
  8
F6_COMP_AU_GE_50
100
AcDbPoint
 10
223.2245855500223
 20
14.85223693959415
 30
85.97229115999994
  0
CIRCLE
  5
252
330
17
100
AcDbEntity
  8
F6_COMP_AU_GE_50
100
AcDbCircle
 10
223.2245855500223
 20
14.85223693959415
 30
85.97229115999994
 40
0.35
  0
POINT
  5
253
330
17
100
AcDbEntity
  8
F6_COMP_AU_01_05
100
AcDbPoint
 10
223.35800000000745
 20
15.81400000024587
 30
94.34899999999993
  0
CIRCLE
  5
254
330
17
100
AcDbEntity
  8
F6_COMP_AU_01_05
100
AcDbCircle
 10
223.35800000000745
 20
15.81400000024587
 30
94.34899999999993
 40
0.35
  0
POINT
  5
255
330
17
100
AcDbEntity
  8
F6_COMP_AU_15_50
100
AcDbPoint
 10
223.45429999998305
 20
24.671099999919534
 30
11.09579999999994
  0
CIRCLE
  5
256
330
17
100
AcDbEntity
  8
F6_COMP_AU_15_50
100
AcDbCircle
 10
223.45429999998305
 20
24.671099999919534
 30
11.09579999999994
 40
0.35
  0
POINT
  5
257
330
17
100
AcDbEntity
  8
F6_COMP_AU_15_50
100
AcDbPoint
 10
225.23419376998208
 20
15.13000997994095
 30
84.27016185999992
  0
CIRCLE
  5
258
330
17
100
AcDbEntity
  8
F6_COMP_AU_15_50
100
AcDbCircle
 10
225.23419376998208
 20
15.13000997994095
 30
84.27016185999992
 40
0.35
  0
POINT
  5
259
330
17
100
AcDbEntity
  8
F6_COMP_AU_15_50
100
AcDbPoint
 10
225.23419376998208
 20
15.13000997994095
 30
85.97229115999994
  0
CIRCLE
  5
25A
330
17
100
AcDbEntity
  8
F6_COMP_AU_15_50
100
AcDbCircle
 10
225.23419376998208
 20
15.13000997994095
 30
85.97229115999994
 40
0.35
  0
POINT
  5
25B
330
17
100
AcDbEntity
  8
F6_COMP_AU_00_01
100
AcDbPoint
 10
225.33299999998417
 20
15.502000000327826
 30
94.447
  0
CIRCLE
  5
25C
330
17
100
AcDbEntity
  8
F6_COMP_AU_00_01
100
AcDbCircle
 10
225.33299999998417
 20
15.502000000327826
 30
94.447
 40
0.35
  0
POINT
  5
25D
330
17
100
AcDbEntity
  8
F6_COMP_AU_05_15
100
AcDbPoint
 10
227.22626238001976
 20
14.902717269957066
 30
84.27016185999992
  0
CIRCLE
  5
25E
330
17
100
AcDbEntity
  8
F6_COMP_AU_05_15
100
AcDbCircle
 10
227.22626238001976
 20
14.902717269957066
 30
84.27016185999992
 40
0.35
  0
POINT
  5
25F
330
17
100
AcDbEntity
  8
F6_COMP_AU_05_15
100
AcDbPoint
 10
227.22626238001976
 20
14.902717269957066
 30
85.97229115999994
  0
CIRCLE
  5
260
330
17
100
AcDbEntity
  8
F6_COMP_AU_05_15
100
AcDbCircle
 10
227.22626238001976
 20
14.902717269957066
 30
85.97229115999994
 40
0.35
  0
POINT
  5
261
330
17
100
AcDbEntity
  8
F6_COMP_AU_15_50
100
AcDbPoint
 10
227.32600000000093
 20
15.378999999724329
 30
94.52599999999995
  0
CIRCLE
  5
262
330
17
100
AcDbEntity
  8
F6_COMP_AU_15_50
100
AcDbCircle
 10
227.32600000000093
 20
15.378999999724329
 30
94.52599999999995
 40
0.35
  0
POINT
  5
263
330
17
100
AcDbEntity
  8
F6_COMP_AU_01_05
100
AcDbPoint
 10
227.43920000002254
 20
24.074199999682605
 30
11.09579999999994
  0
CIRCLE
  5
264
330
17
100
AcDbEntity
  8
F6_COMP_AU_01_05
100
AcDbCircle
 10
227.43920000002254
 20
24.074199999682605
 30
11.09579999999994
 40
0.35
  0
POINT
  5
265
330
17
100
AcDbEntity
  8
F6_COMP_AU_05_15
100
AcDbPoint
 10
229.32099999999627
 20
15.279000000096858
 30
94.44399999999996
  0
CIRCLE
  5
266
330
17
100
AcDbEntity
  8
F6_COMP_AU_05_15
100
AcDbCircle
 10
229.32099999999627
 20
15.279000000096858
 30
94.44399999999996
 40
0.35
  0
POINT
  5
267
330
17
100
AcDbEntity
  8
F6_COMP_AU_GE_50
100
AcDbPoint
 10
229.6056067799218
 20
14.7414526399225
 30
84.27016185999992
  0
CIRCLE
  5
268
330
17
100
AcDbEntity
  8
F6_COMP_AU_GE_50
100
AcDbCircle
 10
229.6056067799218
 20
14.7414526399225
 30
84.27016185999992
 40
0.35
  0
POINT
  5
269
330
17
100
AcDbEntity
  8
F6_COMP_AU_05_15
100
AcDbPoint
 10
229.6056067799218
 20
14.7414526399225
 30
85.97229115999994
  0
CIRCLE
  5
26A
330
17
100
AcDbEntity
  8
F6_COMP_AU_05_15
100
AcDbCircle
 10
229.6056067799218
 20
14.7414526399225
 30
85.97229115999994
 40
0.35
  0
POINT
  5
26B
330
17
100
AcDbEntity
  8
F6_COMP_AU_01_05
100
AcDbPoint
 10
231.27599999995437
 20
14.860000000335276
 30
94.37299999999993
  0
CIRCLE
  5
26C
330
17
100
AcDbEntity
  8
F6_COMP_AU_01_05
100
AcDbCircle
 10
231.27599999995437
 20
14.860000000335276
 30
94.37299999999993
 40
0.35
  0
POINT
  5
26D
330
17
100
AcDbEntity
  8
F6_COMP_AU_00_01
100
AcDbPoint
 10
231.37320000003092
 20
23.355999999679625
 30
11.09579999999994
  0
CIRCLE
  5
26E
330
17
100
AcDbEntity
  8
F6_COMP_AU_00_01
100
AcDbCircle
 10
231.37320000003092
 20
23.355999999679625
 30
11.09579999999994
 40
0.35
  0
POINT
  5
26F
330
17
100
AcDbEntity
  8
F6_COMP_AU_05_15
100
AcDbPoint
 10
231.42000615992583
 20
14.65389281976968
 30
84.27016185999992
  0
CIRCLE
  5
270
330
17
100
AcDbEntity
  8
F6_COMP_AU_05_15
100
AcDbCircle
 10
231.42000615992583
 20
14.65389281976968
 30
84.27016185999992
 40
0.35
  0
POINT
  5
271
330
17
100
AcDbEntity
  8
F6_COMP_AU_15_50
100
AcDbPoint
 10
231.42000615992583
 20
14.65389281976968
 30
85.97229115999994
  0
CIRCLE
  5
272
330
17
100
AcDbEntity
  8
F6_COMP_AU_15_50
100
AcDbCircle
 10
231.42000615992583
 20
14.65389281976968
 30
85.97229115999994
 40
0.35
  0
POINT
  5
273
330
17
100
AcDbEntity
  8
F6_COMP_AU_15_50
100
AcDbPoint
 10
233.24300000001676
 20
14.50899999961257
 30
94.30499999999995
  0
CIRCLE
  5
274
330
17
100
AcDbEntity
  8
F6_COMP_AU_15_50
100
AcDbCircle
 10
233.24300000001676
 20
14.50899999961257
 30
94.30499999999995
 40
0.35
  0
POINT
  5
275
330
17
100
AcDbEntity
  8
F6_COMP_AU_01_05
100
AcDbPoint
 10
233.33750000002328
 20
22.981700000353158
 30
11.09579999999994
  0
CIRCLE
  5
276
330
17
100
AcDbEntity
  8
F6_COMP_AU_01_05
100
AcDbCircle
 10
233.33750000002328
 20
22.981700000353158
 30
11.09579999999994
 40
0.35
  0
POINT
  5
277
330
17
100
AcDbEntity
  8
F6_COMP_AU_00_01
100
AcDbPoint
 10
233.43386425997596
 20
14.569520279765129
 30
84.27016185999992
  0
CIRCLE
  5
278
330
17
100
AcDbEntity
  8
F6_COMP_AU_00_01
100
AcDbCircle
 10
233.43386425997596
 20
14.569520279765129
 30
84.27016185999992
 40
0.35
  0
POINT
  5
279
330
17
100
AcDbEntity
  8
F6_COMP_AU_01_05
100
AcDbPoint
 10
233.43386425997596
 20
14.569520279765129
 30
85.97229115999994
  0
CIRCLE
  5
27A
330
17
100
AcDbEntity
  8
F6_COMP_AU_01_05
100
AcDbCircle
 10
233.43386425997596
 20
14.569520279765129
 30
85.97229115999994
 40
0.35
  0
POINT
  5
27B
330
17
100
AcDbEntity
  8
F6_COMP_AU_05_15
100
AcDbPoint
 10
235.2380000000121
 20
14.524000000208616
 30
94.23799999999994
  0
CIRCLE
  5
27C
330
17
100
AcDbEntity
  8
F6_COMP_AU_05_15
100
AcDbCircle
 10
235.2380000000121
 20
14.524000000208616
 30
94.23799999999994
 40
0.35
  0
POINT
  5
27D
330
17
100
AcDbEntity
  8
F6_COMP_AU_01_05
100
AcDbPoint
 10
235.3229000000283
 20
22.745799999684095
 30
11.09579999999994
  0
CIRCLE
  5
27E
330
17
100
AcDbEntity
  8
F6_COMP_AU_01_05
100
AcDbCircle
 10
235.3229000000283
 20
22.745799999684095
 30
11.09579999999994
 40
0.35
  0
POINT
  5
27F
330
17
100
AcDbEntity
  8
F6_COMP_AU_00_01
100
AcDbPoint
 10
235.3584810399916
 20
14.667303510010242
 30
84.27016185999992
  0
CIRCLE
  5
280
330
17
100
AcDbEntity
  8
F6_COMP_AU_00_01
100
AcDbCircle
 10
235.3584810399916
 20
14.667303510010242
 30
84.27016185999992
 40
0.35
  0
POINT
  5
281
330
17
100
AcDbEntity
  8
F6_COMP_AU_15_50
100
AcDbPoint
 10
235.3584810399916
 20
14.667303510010242
 30
85.97229115999994
  0
CIRCLE
  5
282
330
17
100
AcDbEntity
  8
F6_COMP_AU_15_50
100
AcDbCircle
 10
235.3584810399916
 20
14.667303510010242
 30
85.97229115999994
 40
0.35
  0
POINT
  5
283
330
17
100
AcDbEntity
  8
F6_COMP_AU_05_15
100
AcDbPoint
 10
237.22399999992922
 20
14.294999999925494
 30
94.29699999999991
  0
CIRCLE
  5
284
330
17
100
AcDbEntity
  8
F6_COMP_AU_05_15
100
AcDbCircle
 10
237.22399999992922
 20
14.294999999925494
 30
94.29699999999991
 40
0.35
  0
POINT
  5
285
330
17
100
AcDbEntity
  8
F6_COMP_AU_15_50
100
AcDbPoint
 10
237.37644372996874
 20
14.816250430420041
 30
84.27016185999992
  0
CIRCLE
  5
286
330
17
100
AcDbEntity
  8
F6_COMP_AU_15_50
100
AcDbCircle
 10
237.37644372996874
 20
14.816250430420041
 30
84.27016185999992
 40
0.35
  0
POINT
  5
287
330
17
100
AcDbEntity
  8
F6_COMP_AU_01_05
100
AcDbPoint
 10
237.37644372996874
 20
14.816250430420041
 30
85.97229115999994
  0
CIRCLE
  5
288
330
17
100
AcDbEntity
  8
F6_COMP_AU_01_05
100
AcDbCircle
 10
237.37644372996874
 20
14.816250430420041
 30
85.97229115999994
 40
0.35
  0
POINT
  5
289
330
17
100
AcDbEntity
  8
F6_COMP_AU_01_05
100
AcDbPoint
 10
237.52209999994375
 20
22.78110000025481
 30
11.09579999999994
  0
CIRCLE
  5
28A
330
17
100
AcDbEntity
  8
F6_COMP_AU_01_05
100
AcDbCircle
 10
237.52209999994375
 20
22.78110000025481
 30
11.09579999999994
 40
0.35
  0
POINT
  5
28B
330
17
100
AcDbEntity
  8
F6_COMP_AU_15_50
100
AcDbPoint
 10
239.21899999992456
 20
14.156999999657273
 30
94.6289999999999
  0
CIRCLE
  5
28C
330
17
100
AcDbEntity
  8
F6_COMP_AU_15_50
100
AcDbCircle
 10
239.21899999992456
 20
14.156999999657273
 30
94.6289999999999
 40
0.35
  0
POINT
  5
28D
330
17
100
AcDbEntity
  8
F6_COMP_AU_01_05
100
AcDbPoint
 10
239.41731019993313
 20
14.71877321973443
 30
84.27016185999992
  0
CIRCLE
  5
28E
330
17
100
AcDbEntity
  8
F6_COMP_AU_01_05
100
AcDbCircle
 10
239.41731019993313
 20
14.71877321973443
 30
84.27016185999992
 40
0.35
  0
POINT
  5
28F
330
17
100
AcDbEntity
  8
F6_COMP_AU_15_50
100
AcDbPoint
 10
239.41731019993313
 20
14.71877321973443
 30
85.97229115999994
  0
CIRCLE
  5
290
330
17
100
AcDbEntity
  8
F6_COMP_AU_15_50
100
AcDbCircle
 10
239.41731019993313
 20
14.71877321973443
 30
85.97229115999994
 40
0.35
  0
POINT
  5
291
330
17
100
AcDbEntity
  8
F6_COMP_AU_00_01
100
AcDbPoint
 10
239.52090000000317
 20
22.71750000026077
 30
11.09579999999994
  0
CIRCLE
  5
292
330
17
100
AcDbEntity
  8
F6_COMP_AU_00_01
100
AcDbCircle
 10
239.52090000000317
 20
22.71750000026077
 30
11.09579999999994
 40
0.35
  0
POINT
  5
293
330
17
100
AcDbEntity
  8
F6_COMP_AU_05_15
100
AcDbPoint
 10
241.21799999999348
 20
14.08600000012666
 30
93.88199999999995
  0
CIRCLE
  5
294
330
17
100
AcDbEntity
  8
F6_COMP_AU_05_15
100
AcDbCircle
 10
241.21799999999348
 20
14.08600000012666
 30
93.88199999999995
 40
0.35
  0
POINT
  5
295
330
17
100
AcDbEntity
  8
F6_COMP_AU_05_15
100
AcDbPoint
 10
241.34046579001006
 20
14.683374130167067
 30
84.27016185999992
  0
CIRCLE
  5
296
330
17
100
AcDbEntity
  8
F6_COMP_AU_05_15
100
AcDbCircle
 10
241.34046579001006
 20
14.683374130167067
 30
84.27016185999992
 40
0.35
  0
POINT
  5
297
330
17
100
AcDbEntity
  8
F6_COMP_AU_05_15
100
AcDbPoint
 10
241.34046579001006
 20
14.683374130167067
 30
85.97229115999994
  0
CIRCLE
  5
298
330
17
100
AcDbEntity
  8
F6_COMP_AU_05_15
100
AcDbCircle
 10
241.34046579001006
 20
14.683374130167067
 30
85.97229115999994
 40
0.35
  0
POINT
  5
299
330
17
100
AcDbEntity
  8
F6_COMP_AU_00_01
100
AcDbPoint
 10
241.38419999997132
 20
22.00899999961257
 30
11.09579999999994
  0
CIRCLE
  5
29A
330
17
100
AcDbEntity
  8
F6_COMP_AU_00_01
100
AcDbCircle
 10
241.38419999997132
 20
22.00899999961257
 30
11.09579999999994
 40
0.35
  0
POINT
  5
29B
330
17
100
AcDbEntity
  8
F6_COMP_AU_01_05
100
AcDbPoint
 10
242.66310000000522
 20
20.503200000151992
 30
11.09579999999994
  0
CIRCLE
  5
29C
330
17
100
AcDbEntity
  8
F6_COMP_AU_01_05
100
AcDbCircle
 10
242.66310000000522
 20
20.503200000151992
 30
11.09579999999994
 40
0.35
  0
POINT
  5
29D
330
17
100
AcDbEntity
  8
F6_COMP_AU_00_01
100
AcDbPoint
 10
244.35800000000745
 20
19.674100000411272
 30
11.09579999999994
  0
CIRCLE
  5
29E
330
17
100
AcDbEntity
  8
F6_COMP_AU_00_01
100
AcDbCircle
 10
244.35800000000745
 20
19.674100000411272
 30
11.09579999999994
 40
0.35
  0
POINT
  5
29F
330
17
100
AcDbEntity
  8
F6_COMP_AU_00_01
100
AcDbPoint
 10
246.91599999996834
 20
19.603900000452995
 30
11.047599999999989
  0
CIRCLE
  5
2A0
330
17
100
AcDbEntity
  8
F6_COMP_AU_00_01
100
AcDbCircle
 10
246.91599999996834
 20
19.603900000452995
 30
11.047599999999989
 40
0.35
  0
POINT
  5
2A1
330
17
100
AcDbEntity
  8
F6_COMP_AU_00_01
100
AcDbPoint
 10
252.8177999999607
 20
19.004200000315905
 30
11.09579999999994
  0
CIRCLE
  5
2A2
330
17
100
AcDbEntity
  8
F6_COMP_AU_00_01
100
AcDbCircle
 10
252.8177999999607
 20
19.004200000315905
 30
11.09579999999994
 40
0.35
  0
POINT
  5
2A3
330
17
100
AcDbEntity
  8
F6_COMP_AU_00_01
100
AcDbPoint
 10
254.81319999997504
 20
18.86739999987185
 30
11.09579999999994
  0
CIRCLE
  5
2A4
330
17
100
AcDbEntity
  8
F6_COMP_AU_00_01
100
AcDbCircle
 10
254.81319999997504
 20
18.86739999987185
 30
11.09579999999994
 40
0.35
  0
POINT
  5
2A5
330
17
100
AcDbEntity
  8
F6_COMP_AU_05_15
100
AcDbPoint
 10
338.420999999973
 20
3.724399999715388
 30
51.59699999999998
  0
CIRCLE
  5
2A6
330
17
100
AcDbEntity
  8
F6_COMP_AU_05_15
100
AcDbCircle
 10
338.420999999973
 20
3.724399999715388
 30
51.59699999999998
 40
0.35
  0
POINT
  5
2A7
330
17
100
AcDbEntity
  8
F6_COMP_AU_05_15
100
AcDbPoint
 10
340.37509999994654
 20
3.339100000448525
 30
51.59699999999998
  0
CIRCLE
  5
2A8
330
17
100
AcDbEntity
  8
F6_COMP_AU_05_15
100
AcDbCircle
 10
340.37509999994654
 20
3.339100000448525
 30
51.59699999999998
 40
0.35
  0
POINT
  5
2A9
330
17
100
AcDbEntity
  8
F6_COMP_AU_00_01
100
AcDbPoint
 10
341.61509999993723
 20
2.9259999999776483
 30
51.27719999999999
  0
CIRCLE
  5
2AA
330
17
100
AcDbEntity
  8
F6_COMP_AU_00_01
100
AcDbCircle
 10
341.61509999993723
 20
2.9259999999776483
 30
51.27719999999999
 40
0.35
  0
POINT
  5
2AB
330
17
100
AcDbEntity
  8
F6_COMP_AU_00_01
100
AcDbPoint
 10
342.31160000001546
 20
2.853400000371039
 30
51.59699999999998
  0
CIRCLE
  5
2AC
330
17
100
AcDbEntity
  8
F6_COMP_AU_00_01
100
AcDbCircle
 10
342.31160000001546
 20
2.853400000371039
 30
51.59699999999998
 40
0.35
  0
POINT
  5
2AD
330
17
100
AcDbEntity
  8
F6_COMP_AU_00_01
100
AcDbPoint
 10
344.22159999993164
 20
2.2626000000163913
 30
51.59699999999998
  0
CIRCLE
  5
2AE
330
17
100
AcDbEntity
  8
F6_COMP_AU_00_01
100
AcDbCircle
 10
344.22159999993164
 20
2.2626000000163913
 30
51.59699999999998
 40
0.35
  0
POINT
  5
2AF
330
17
100
AcDbEntity
  8
F6_COMP_AU_01_05
100
AcDbPoint
 10
346.2060000000056
 20
1.9691000003367662
 30
51.59699999999998
  0
CIRCLE
  5
2B0
330
17
100
AcDbEntity
  8
F6_COMP_AU_01_05
100
AcDbCircle
 10
346.2060000000056
 20
1.9691000003367662
 30
51.59699999999998
 40
0.35
  0
POINT
  5
2B1
330
17
100
AcDbEntity
  8
F6_COMP_AU_05_15
100
AcDbPoint
 10
348.20649999997113
 20
1.9126000003889203
 30
51.59699999999998
  0
CIRCLE
  5
2B2
330
17
100
AcDbEntity
  8
F6_COMP_AU_05_15
100
AcDbCircle
 10
348.20649999997113
 20
1.9126000003889203
 30
51.59699999999998
 40
0.35
  0
POINT
  5
2B3
330
17
100
AcDbEntity
  8
F6_COMP_AU_00_01
100
AcDbPoint
 10
350.204000000027
 20
1.8161000004038215
 30
51.59699999999998
  0
CIRCLE
  5
2B4
330
17
100
AcDbEntity
  8
F6_COMP_AU_00_01
100
AcDbCircle
 10
350.204000000027
 20
1.8161000004038215
 30
51.59699999999998
 40
0.35
  0
POINT
  5
2B5
330
17
100
AcDbEntity
  8
F6_COMP_AU_01_05
100
AcDbPoint
 10
352.20349999994505
 20
1.8092000000178814
 30
51.59699999999998
  0
CIRCLE
  5
2B6
330
17
100
AcDbEntity
  8
F6_COMP_AU_01_05
100
AcDbCircle
 10
352.20349999994505
 20
1.8092000000178814
 30
51.59699999999998
 40
0.35
  0
POINT
  5
2B7
330
17
100
AcDbEntity
  8
F6_COMP_AU_00_01
100
AcDbPoint
 10
354.48470000003
 20
1.8174999998882413
 30
51.59699999999998
  0
CIRCLE
  5
2B8
330
17
100
AcDbEntity
  8
F6_COMP_AU_00_01
100
AcDbCircle
 10
354.48470000003
 20
1.8174999998882413
 30
51.59699999999998
 40
0.35
  0
POINT
  5
2B9
330
17
100
AcDbEntity
  8
F6_COMP_AU_00_01
100
AcDbPoint
 10
355.2927999999374
 20
1.2627999996766448
 30
51.59699999999998
  0
CIRCLE
  5
2BA
330
17
100
AcDbEntity
  8
F6_COMP_AU_00_01
100
AcDbCircle
 10
355.2927999999374
 20
1.2627999996766448
 30
51.59699999999998
 40
0.35
  0
POINT
  5
2BB
330
17
100
AcDbEntity
  8
F6_COMP_AU_00_01
100
AcDbPoint
 10
357.54839999997057
 20
0.8005999997258186
 30
51.59699999999998
  0
CIRCLE
  5
2BC
330
17
100
AcDbEntity
  8
F6_COMP_AU_00_01
100
AcDbCircle
 10
357.54839999997057
 20
0.8005999997258186
 30
51.59699999999998
 40
0.35
  0
POINT
  5
2BD
330
17
100
AcDbEntity
  8
F6_COMP_AU_01_05
100
AcDbPoint
 10
359.91419999999925
 20
0.6986999996006489
 30
51.59699999999998
  0
CIRCLE
  5
2BE
330
17
100
AcDbEntity
  8
F6_COMP_AU_01_05
100
AcDbCircle
 10
359.91419999999925
 20
0.6986999996006489
 30
51.59699999999998
 40
0.35
  0
POINT
  5
2BF
330
17
100
AcDbEntity
  8
F6_COMP_AU_01_05
100
AcDbPoint
 10
361.45880000002217
 20
0.5189000004902482
 30
51.59699999999998
  0
CIRCLE
  5
2C0
330
17
100
AcDbEntity
  8
F6_COMP_AU_01_05
100
AcDbCircle
 10
361.45880000002217
 20
0.5189000004902482
 30
51.59699999999998
 40
0.35
  0
POINT
  5
2C1
330
17
100
AcDbEntity
  8
F6_COMP_AU_00_01
100
AcDbPoint
 10
364.38670000003185
 20
0.80489999987185
 30
51.59699999999998
  0
CIRCLE
  5
2C2
330
17
100
AcDbEntity
  8
F6_COMP_AU_00_01
100
AcDbCircle
 10
364.38670000003185
 20
0.80489999987185
 30
51.59699999999998
 40
0.35
  0
POINT
  5
2C3
330
17
100
AcDbEntity
  8
F6_COMP_AU_01_05
100
AcDbPoint
 10
366.3283999999985
 20
0.0
 30
51.59699999999998
  0
CIRCLE
  5
2C4
330
17
100
AcDbEntity
  8
F6_COMP_AU_01_05
100
AcDbCircle
 10
366.3283999999985
 20
0.0
 30
51.59699999999998
 40
0.35
  0
POINT
  5
2C5
330
17
100
AcDbEntity
  8
F6_COMP_AU_00_01
100
AcDbPoint
 10
366.3674999999348
 20
0.7852999996393919
 30
51.59699999999998
  0
CIRCLE
  5
2C6
330
17
100
AcDbEntity
  8
F6_COMP_AU_00_01
100
AcDbCircle
 10
366.3674999999348
 20
0.7852999996393919
 30
51.59699999999998
 40
0.35
  0
POINT
  5
2C7
330
17
100
AcDbEntity
  8
F6_COMP_AU_01_05
100
AcDbPoint
 10
367.73649999999907
 20
0.5001999996602535
 30
51.59699999999998
  0
CIRCLE
  5
2C8
330
17
100
AcDbEntity
  8
F6_COMP_AU_01_05
100
AcDbCircle
 10
367.73649999999907
 20
0.5001999996602535
 30
51.59699999999998
 40
0.35
  0
POINT
  5
2C9
330
17
100
AcDbEntity
  8
F6_COMP_AU_00_01
100
AcDbPoint
 10
370.7321000000229
 20
0.007699999958276749
 30
51.59699999999998
  0
CIRCLE
  5
2CA
330
17
100
AcDbEntity
  8
F6_COMP_AU_00_01
100
AcDbCircle
 10
370.7321000000229
 20
0.007699999958276749
 30
51.59699999999998
 40
0.35
  0
POINT
  5
2CB
330
17
100
AcDbEntity
  8
F6_COMP_AU_00_01
100
AcDbPoint
 10
373.87569999997504
 20
0.8459000000730157
 30
51.59699999999998
  0
CIRCLE
  5
2CC
330
17
100
AcDbEntity
  8
F6_COMP_AU_00_01
100
AcDbCircle
 10
373.87569999997504
 20
0.8459000000730157
 30
51.59699999999998
 40
0.35
  0
POINT
  5
2CD
330
17
100
AcDbEntity
  8
F6_GRID_AU_00_01
100
AcDbPoint
 10
131.51714676315896
 20
50.50821251515299
 30
-0.7530000000000427
  0
POINT
  5
2CE
330
17
100
AcDbEntity
  8
F6_GRID_AU_00_01
100
AcDbPoint
 10
136.32518900756259
 20
48.96159549895674
 30
-0.7530000000000427
  0
POINT
  5
2CF
330
17
100
AcDbEntity
  8
F6_GRID_AU_00_01
100
AcDbPoint
 10
141.1840366750257
 20
47.71193314995617
 30
-0.7530000000000427
  0
POINT
  5
2D0
330
17
100
AcDbEntity
  8
F6_GRID_AU_00_01
100
AcDbPoint
 10
146.06239846348763
 20
46.5763296764344
 30
-0.7530000000000427
  0
POINT
  5
2D1
330
17
100
AcDbEntity
  8
F6_GRID_AU_00_01
100
AcDbPoint
 10
150.9927372073289
 20
45.74452840723097
 30
-0.7530000000000427
  0
POINT
  5
2D2
330
17
100
AcDbEntity
  8
F6_GRID_AU_00_01
100
AcDbPoint
 10
156.13458181824535
 20
46.14896632079035
 30
-0.7530000000000427
  0
POINT
  5
2D3
330
17
100
AcDbEntity
  8
F6_GRID_AU_00_01
100
AcDbPoint
 10
131.51714676315896
 20
50.50821251515299
 30
4.246999999999957
  0
POINT
  5
2D4
330
17
100
AcDbEntity
  8
F6_GRID_AU_00_01
100
AcDbPoint
 10
136.32518900756259
 20
48.96159549895674
 30
4.246999999999957
  0
POINT
  5
2D5
330
17
100
AcDbEntity
  8
F6_GRID_AU_00_01
100
AcDbPoint
 10
141.1840366750257
 20
47.71193314995617
 30
4.246999999999957
  0
POINT
  5
2D6
330
17
100
AcDbEntity
  8
F6_GRID_AU_00_01
100
AcDbPoint
 10
146.06239846348763
 20
46.5763296764344
 30
4.246999999999957
  0
POINT
  5
2D7
330
17
100
AcDbEntity
  8
F6_GRID_AU_00_01
100
AcDbPoint
 10
150.9927372073289
 20
45.74452840723097
 30
4.246999999999957
  0
POINT
  5
2D8
330
17
100
AcDbEntity
  8
F6_GRID_AU_00_01
100
AcDbPoint
 10
156.13458181824535
 20
46.14896632079035
 30
4.246999999999957
  0
POINT
  5
2D9
330
17
100
AcDbEntity
  8
F6_GRID_AU_01_05
100
AcDbPoint
 10
193.47651888581458
 20
27.215663919225335
 30
9.246999999999957
  0
POINT
  5
2DA
330
17
100
AcDbEntity
  8
F6_GRID_AU_01_05
100
AcDbPoint
 10
198.31672097521368
 20
25.857019278220832
 30
9.246999999999957
  0
POINT
  5
2DB
330
17
100
AcDbEntity
  8
F6_GRID_AU_01_05
100
AcDbPoint
 10
203.35454476997256
 20
25.65346172451973
 30
9.246999999999957
  0
POINT
  5
2DC
330
17
100
AcDbEntity
  8
F6_GRID_AU_00_01
100
AcDbPoint
 10
208.53098184114788
 20
26.26009050384164
 30
9.246999999999957
  0
POINT
  5
2DD
330
17
100
AcDbEntity
  8
F6_GRID_AU_01_05
100
AcDbPoint
 10
213.4600753308041
 20
25.421010799705982
 30
9.246999999999957
  0
POINT
  5
2DE
330
17
100
AcDbEntity
  8
F6_GRID_AU_05_15
100
AcDbPoint
 10
218.41448586131446
 20
24.72990768775344
 30
9.246999999999957
  0
POINT
  5
2DF
330
17
100
AcDbEntity
  8
F6_GRID_AU_05_15
100
AcDbPoint
 10
223.4764269554289
 20
24.667314309626818
 30
9.246999999999957
  0
POINT
  5
2E0
330
17
100
AcDbEntity
  8
F6_GRID_AU_01_05
100
AcDbPoint
 10
228.41892453609034
 20
23.906580716371536
 30
9.246999999999957
  0
POINT
  5
2E1
330
17
100
AcDbEntity
  8
F6_GRID_AU_01_05
100
AcDbPoint
 10
233.33345683291554
 20
22.98239170666784
 30
9.246999999999957
  0
POINT
  5
2E2
330
17
100
AcDbEntity
  8
F6_GRID_AU_01_05
100
AcDbPoint
 10
238.34750764805358
 20
22.63988250400871
 30
9.246999999999957
  0
POINT
  5
2E3
330
17
100
AcDbEntity
  8
F6_GRID_AU_00_01
100
AcDbPoint
 10
243.0434630153468
 20
20.43812437262386
 30
9.246999999999957
  0
POINT
  5
2E4
330
17
100
AcDbEntity
  8
F6_GRID_AU_00_01
100
AcDbPoint
 10
247.943316453835
 20
19.428138311952353
 30
9.246999999999957
  0
POINT
  5
2E5
330
17
100
AcDbEntity
  8
F6_GRID_AU_00_01
100
AcDbPoint
 10
252.93986279075034
 20
18.98331647645682
 30
9.246999999999957
  0
POINT
  5
2E6
330
17
100
AcDbEntity
  8
F6_GRID_AU_00_01
100
AcDbPoint
 10
257.90226056589745
 20
18.338898334652185
 30
9.246999999999957
  0
POINT
  5
2E7
330
17
100
AcDbEntity
  8
F6_GRID_AU_01_05
100
AcDbPoint
 10
193.47651888581458
 20
27.215663919225335
 30
14.246999999999957
  0
POINT
  5
2E8
330
17
100
AcDbEntity
  8
F6_GRID_AU_01_05
100
AcDbPoint
 10
198.31672097521368
 20
25.857019278220832
 30
14.246999999999957
  0
POINT
  5
2E9
330
17
100
AcDbEntity
  8
F6_GRID_AU_01_05
100
AcDbPoint
 10
203.35454476997256
 20
25.65346172451973
 30
14.246999999999957
  0
POINT
  5
2EA
330
17
100
AcDbEntity
  8
F6_GRID_AU_01_05
100
AcDbPoint
 10
208.53098184114788
 20
26.26009050384164
 30
14.246999999999957
  0
POINT
  5
2EB
330
17
100
AcDbEntity
  8
F6_GRID_AU_01_05
100
AcDbPoint
 10
213.4600753308041
 20
25.421010799705982
 30
14.246999999999957
  0
POINT
  5
2EC
330
17
100
AcDbEntity
  8
F6_GRID_AU_05_15
100
AcDbPoint
 10
218.41448586131446
 20
24.72990768775344
 30
14.246999999999957
  0
POINT
  5
2ED
330
17
100
AcDbEntity
  8
F6_GRID_AU_05_15
100
AcDbPoint
 10
223.4764269554289
 20
24.667314309626818
 30
14.246999999999957
  0
POINT
  5
2EE
330
17
100
AcDbEntity
  8
F6_GRID_AU_01_05
100
AcDbPoint
 10
228.41892453609034
 20
23.906580716371536
 30
14.246999999999957
  0
POINT
  5
2EF
330
17
100
AcDbEntity
  8
F6_GRID_AU_01_05
100
AcDbPoint
 10
233.33345683291554
 20
22.98239170666784
 30
14.246999999999957
  0
POINT
  5
2F0
330
17
100
AcDbEntity
  8
F6_GRID_AU_01_05
100
AcDbPoint
 10
238.34750764805358
 20
22.63988250400871
 30
14.246999999999957
  0
POINT
  5
2F1
330
17
100
AcDbEntity
  8
F6_GRID_AU_00_01
100
AcDbPoint
 10
243.0434630153468
 20
20.43812437262386
 30
14.246999999999957
  0
POINT
  5
2F2
330
17
100
AcDbEntity
  8
F6_GRID_AU_00_01
100
AcDbPoint
 10
247.943316453835
 20
19.428138311952353
 30
14.246999999999957
  0
POINT
  5
2F3
330
17
100
AcDbEntity
  8
F6_GRID_AU_00_01
100
AcDbPoint
 10
252.93986279075034
 20
18.98331647645682
 30
14.246999999999957
  0
POINT
  5
2F4
330
17
100
AcDbEntity
  8
F6_GRID_AU_00_01
100
AcDbPoint
 10
257.90226056589745
 20
18.338898334652185
 30
14.246999999999957
  0
POINT
  5
2F5
330
17
100
AcDbEntity
  8
F6_GRID_AU_01_05
100
AcDbPoint
 10
10.149488925584592
 20
52.705583123490214
 30
49.24699999999996
  0
POINT
  5
2F6
330
17
100
AcDbEntity
  8
F6_GRID_AU_01_05
100
AcDbPoint
 10
15.073124386253767
 20
51.834601565264165
 30
49.24699999999996
  0
POINT
  5
2F7
330
17
100
AcDbEntity
  8
F6_GRID_AU_05_15
100
AcDbPoint
 10
20.27764379954897
 20
52.60536996088922
 30
49.24699999999996
  0
POINT
  5
2F8
330
17
100
AcDbEntity
  8
F6_GRID_AU_05_15
100
AcDbPoint
 10
25.78630524990149
 20
55.15383043047041
 30
49.24699999999996
  0
POINT
  5
2F9
330
17
100
AcDbEntity
  8
F6_GRID_AU_05_15
100
AcDbPoint
 10
30.89347975270357
 20
55.355623628012836
 30
49.24699999999996
  0
POINT
  5
2FA
330
17
100
AcDbEntity
  8
F6_GRID_AU_05_15
100
AcDbPoint
 10
36.003818848286755
 20
55.57591368351132
 30
49.24699999999996
  0
POINT
  5
2FB
330
17
100
AcDbEntity
  8
F6_GRID_AU_01_05
100
AcDbPoint
 10
40.907372804242186
 20
54.58755692653358
 30
49.24699999999996
  0
POINT
  5
2FC
330
17
100
AcDbEntity
  8
F6_GRID_AU_01_05
100
AcDbPoint
 10
45.846758401952684
 20
53.80863397847861
 30
49.24699999999996
  0
POINT
  5
2FD
330
17
100
AcDbEntity
  8
F6_GRID_AU_01_05
100
AcDbPoint
 10
50.71319661999587
 20
52.60333794634789
 30
49.24699999999996
  0
POINT
  5
2FE
330
17
100
AcDbEntity
  8
F6_GRID_AU_01_05
100
AcDbPoint
 10
55.543090053251944
 20
51.18443982489407
 30
49.24699999999996
  0
POINT
  5
2FF
330
17
100
AcDbEntity
  8
F6_GRID_AU_01_05
100
AcDbPoint
 10
60.50858179025818
 20
50.558105705305934
 30
49.24699999999996
  0
POINT
  5
300
330
17
100
AcDbEntity
  8
F6_GRID_AU_01_05
100
AcDbPoint
 10
65.45566447020974
 20
49.824171744287014
 30
49.24699999999996
  0
POINT
  5
301
330
17
100
AcDbEntity
  8
F6_GRID_AU_05_15
100
AcDbPoint
 10
70.42438185226638
 20
49.216691327281296
 30
49.24699999999996
  0
POINT
  5
302
330
17
100
AcDbEntity
  8
F6_GRID_AU_15_50
100
AcDbPoint
 10
75.41143194295
 20
48.71636449918151
 30
49.24699999999996
  0
POINT
  5
303
330
17
100
AcDbEntity
  8
F6_GRID_AU_05_15
100
AcDbPoint
 10
80.36425255297218
 20
48.01596839725971
 30
49.24699999999996
  0
POINT
  5
304
330
17
100
AcDbEntity
  8
F6_GRID_AU_05_15
100
AcDbPoint
 10
85.23617978789844
 20
46.84275534097105
 30
49.24699999999996
  0
POINT
  5
305
330
17
100
AcDbEntity
  8
F6_GRID_AU_05_15
100
AcDbPoint
 10
90.06392633053474
 20
45.41130877286196
 30
49.24699999999996
  0
POINT
  5
306
330
17
100
AcDbEntity
  8
F6_GRID_AU_01_05
100
AcDbPoint
 10
95.0351573463995
 20
44.81852039601654
 30
49.24699999999996
  0
POINT
  5
307
330
17
100
AcDbEntity
  8
F6_GRID_AU_01_05
100
AcDbPoint
 10
99.99911650863942
 20
44.18322846852243
 30
49.24699999999996
  0
POINT
  5
308
330
17
100
AcDbEntity
  8
F6_GRID_AU_01_05
100
AcDbPoint
 10
105.13640246144496
 20
44.561021296307445
 30
49.24699999999996
  0
POINT
  5
309
330
17
100
AcDbEntity
  8
F6_GRID_AU_00_01
100
AcDbPoint
 10
110.05560360266827
 20
43.6641214042902
 30
49.24699999999996
  0
POINT
  5
30A
330
17
100
AcDbEntity
  8
F6_GRID_AU_00_01
100
AcDbPoint
 10
115.03071150497999
 20
43.09399319626391
 30
49.24699999999996
  0
POINT
  5
30B
330
17
100
AcDbEntity
  8
F6_GRID_AU_00_01
100
AcDbPoint
 10
119.57465607183985
 20
40.00374100077897
 30
49.24699999999996
  0
POINT
  5
30C
330
17
100
AcDbEntity
  8
F6_GRID_AU_00_01
100
AcDbPoint
 10
123.83264933945611
 20
35.24212050996721
 30
49.24699999999996
  0
POINT
  5
30D
330
17
100
AcDbEntity
  8
F6_GRID_AU_00_01
100
AcDbPoint
 10
144.1935662527103
 20
35.653116828761995
 30
49.24699999999996
  0
POINT
  5
30E
330
17
100
AcDbEntity
  8
F6_GRID_AU_01_05
100
AcDbPoint
 10
149.1273369663395
 20
34.84137521870434
 30
49.24699999999996
  0
POINT
  5
30F
330
17
100
AcDbEntity
  8
F6_GRID_AU_01_05
100
AcDbPoint
 10
154.16611423541326
 20
34.64339066389948
 30
49.24699999999996
  0
POINT
  5
310
330
17
100
AcDbEntity
  8
F6_GRID_AU_00_01
100
AcDbPoint
 10
159.13863169879187
 20
34.058121494948864
 30
49.24699999999996
  0
POINT
  5
311
330
17
100
AcDbEntity
  8
F6_GRID_AU_01_05
100
AcDbPoint
 10
164.00316518510226
 20
32.841692419722676
 30
49.24699999999996
  0
POINT
  5
312
330
17
100
AcDbEntity
  8
F6_GRID_AU_05_15
100
AcDbPoint
 10
168.8022595810471
 20
31.242775762453675
 30
49.24699999999996
  0
POINT
  5
313
330
17
100
AcDbEntity
  8
F6_GRID_AU_05_15
100
AcDbPoint
 10
173.83887683111243
 20
31.032166025601327
 30
49.24699999999996
  0
POINT
  5
314
330
17
100
AcDbEntity
  8
F6_GRID_AU_05_15
100
AcDbPoint
 10
178.72331707074773
 20
29.93209073599428
 30
49.24699999999996
  0
POINT
  5
315
330
17
100
AcDbEntity
  8
F6_GRID_AU_01_05
100
AcDbPoint
 10
336.61709676031023
 20
4.033026430755854
 30
49.24699999999996
  0
POINT
  5
316
330
17
100
AcDbEntity
  8
F6_GRID_AU_01_05
100
AcDbPoint
 10
341.50361114530824
 20
2.945074398070574
 30
49.24699999999996
  0
POINT
  5
317
330
17
100
AcDbEntity
  8
F6_GRID_AU_01_05
100
AcDbPoint
 10
346.4035024481127
 20
1.935309650376439
 30
49.24699999999996
  0
POINT
  5
318
330
17
100
AcDbEntity
  8
F6_GRID_AU_01_05
100
AcDbPoint
 10
351.4758750764886
 20
1.9336879691109061
 30
49.24699999999996
  0
POINT
  5
319
330
17
100
AcDbEntity
  8
F6_GRID_AU_00_01
100
AcDbPoint
 10
356.40129718277603
 20
1.0731492470949888
 30
49.24699999999996
  0
POINT
  5
31A
330
17
100
AcDbEntity
  8
F6_GRID_AU_01_05
100
AcDbPoint
 10
361.38138772838283
 20
0.5321442913264036
 30
49.24699999999996
  0
POINT
  5
31B
330
17
100
AcDbEntity
  8
F6_GRID_AU_00_01
100
AcDbPoint
 10
366.36201040714514
 20
-0.005750374868512154
 30
49.24699999999996
  0
POINT
  5
31C
330
17
100
AcDbEntity
  8
F6_GRID_AU_00_01
100
AcDbPoint
 10
371.4169163162587
 20
-0.10946399066597223
 30
49.24699999999996
  0
POINT
  5
31D
330
17
100
AcDbEntity
  8
F6_GRID_AU_00_01
100
AcDbPoint
 10
376.5740344778169
 20
0.38424691557884216
 30
49.24699999999996
  0
POINT
  5
31E
330
17
100
AcDbEntity
  8
F6_GRID_AU_01_05
100
AcDbPoint
 10
10.149488925584592
 20
52.705583123490214
 30
54.24699999999996
  0
POINT
  5
31F
330
17
100
AcDbEntity
  8
F6_GRID_AU_01_05
100
AcDbPoint
 10
15.073124386253767
 20
51.834601565264165
 30
54.24699999999996
  0
POINT
  5
320
330
17
100
AcDbEntity
  8
F6_GRID_AU_05_15
100
AcDbPoint
 10
20.27764379954897
 20
52.60536996088922
 30
54.24699999999996
  0
POINT
  5
321
330
17
100
AcDbEntity
  8
F6_GRID_AU_05_15
100
AcDbPoint
 10
25.78630524990149
 20
55.15383043047041
 30
54.24699999999996
  0
POINT
  5
322
330
17
100
AcDbEntity
  8
F6_GRID_AU_01_05
100
AcDbPoint
 10
30.89347975270357
 20
55.355623628012836
 30
54.24699999999996
  0
POINT
  5
323
330
17
100
AcDbEntity
  8
F6_GRID_AU_05_15
100
AcDbPoint
 10
35.55650155781768
 20
52.96137079130858
 30
54.24699999999996
  0
POINT
  5
324
330
17
100
AcDbEntity
  8
F6_GRID_AU_01_05
100
AcDbPoint
 10
40.907372804242186
 20
54.58755692653358
 30
54.24699999999996
  0
POINT
  5
325
330
17
100
AcDbEntity
  8
F6_GRID_AU_00_01
100
AcDbPoint
 10
45.846758401952684
 20
53.80863397847861
 30
54.24699999999996
  0
POINT
  5
326
330
17
100
AcDbEntity
  8
F6_GRID_AU_01_05
100
AcDbPoint
 10
50.71319661999587
 20
52.60333794634789
 30
54.24699999999996
  0
POINT
  5
327
330
17
100
AcDbEntity
  8
F6_GRID_AU_01_05
100
AcDbPoint
 10
55.543090053251944
 20
51.18443982489407
 30
54.24699999999996
  0
POINT
  5
328
330
17
100
AcDbEntity
  8
F6_GRID_AU_01_05
100
AcDbPoint
 10
60.50858179025818
 20
50.558105705305934
 30
54.24699999999996
  0
POINT
  5
329
330
17
100
AcDbEntity
  8
F6_GRID_AU_01_05
100
AcDbPoint
 10
65.39665880717803
 20
49.479287162423134
 30
54.24699999999996
  0
POINT
  5
32A
330
17
100
AcDbEntity
  8
F6_GRID_AU_05_15
100
AcDbPoint
 10
70.42166300467215
 20
49.20079982560128
 30
54.24699999999996
  0
POINT
  5
32B
330
17
100
AcDbEntity
  8
F6_GRID_AU_15_50
100
AcDbPoint
 10
75.35972093883902
 20
48.41411676350981
 30
54.24699999999996
  0
POINT
  5
32C
330
17
100
AcDbEntity
  8
F6_GRID_AU_05_15
100
AcDbPoint
 10
80.24071660055779
 20
47.293908121064305
 30
54.24699999999996
  0
POINT
  5
32D
330
17
100
AcDbEntity
  8
F6_GRID_AU_01_05
100
AcDbPoint
 10
85.09239157836419
 20
46.002321830019355
 30
54.24699999999996
  0
POINT
  5
32E
330
17
100
AcDbEntity
  8
F6_GRID_AU_05_15
100
AcDbPoint
 10
89.86819151567761
 20
44.26725045032799
 30
54.24699999999996
  0
POINT
  5
32F
330
17
100
AcDbEntity
  8
F6_GRID_AU_01_05
100
AcDbPoint
 10
94.92865907715168
 20
44.19604436215013
 30
54.24699999999996
  0
POINT
  5
330
330
17
100
AcDbEntity
  8
F6_GRID_AU_01_05
100
AcDbPoint
 10
100.0001401604386
 20
44.189211651682854
 30
54.24699999999996
  0
POINT
  5
331
330
17
100
AcDbEntity
  8
F6_GRID_AU_01_05
100
AcDbPoint
 10
105.13640246144496
 20
44.561021296307445
 30
54.24699999999996
  0
POINT
  5
332
330
17
100
AcDbEntity
  8
F6_GRID_AU_00_01
100
AcDbPoint
 10
110.05560360266827
 20
43.6641214042902
 30
54.24699999999996
  0
POINT
  5
333
330
17
100
AcDbEntity
  8
F6_GRID_AU_00_01
100
AcDbPoint
 10
114.94784387247637
 20
42.60963682550937
 30
54.24699999999996
  0
POINT
  5
334
330
17
100
AcDbEntity
  8
F6_GRID_AU_00_01
100
AcDbPoint
 10
119.57465607183985
 20
40.00374100077897
 30
54.24699999999996
  0
POINT
  5
335
330
17
100
AcDbEntity
  8
F6_GRID_AU_00_01
100
AcDbPoint
 10
123.83264933945611
 20
35.24212050996721
 30
54.24699999999996
  0
POINT
  5
336
330
17
100
AcDbEntity
  8
F6_GRID_AU_00_01
100
AcDbPoint
 10
144.1935662527103
 20
35.653116828761995
 30
54.24699999999996
  0
POINT
  5
337
330
17
100
AcDbEntity
  8
F6_GRID_AU_01_05
100
AcDbPoint
 10
149.1273369663395
 20
34.84137521870434
 30
54.24699999999996
  0
POINT
  5
338
330
17
100
AcDbEntity
  8
F6_GRID_AU_01_05
100
AcDbPoint
 10
154.16611423541326
 20
34.64339066389948
 30
54.24699999999996
  0
POINT
  5
339
330
17
100
AcDbEntity
  8
F6_GRID_AU_00_01
100
AcDbPoint
 10
159.13863169879187
 20
34.058121494948864
 30
54.24699999999996
  0
POINT
  5
33A
330
17
100
AcDbEntity
  8
F6_GRID_AU_01_05
100
AcDbPoint
 10
164.00316518510226
 20
32.841692419722676
 30
54.24699999999996
  0
POINT
  5
33B
330
17
100
AcDbEntity
  8
F6_GRID_AU_05_15
100
AcDbPoint
 10
168.8022595810471
 20
31.242775762453675
 30
54.24699999999996
  0
POINT
  5
33C
330
17
100
AcDbEntity
  8
F6_GRID_AU_05_15
100
AcDbPoint
 10
173.83887683111243
 20
31.032166025601327
 30
54.24699999999996
  0
POINT
  5
33D
330
17
100
AcDbEntity
  8
F6_GRID_AU_05_15
100
AcDbPoint
 10
178.72331707074773
 20
29.93209073599428
 30
54.24699999999996
  0
POINT
  5
33E
330
17
100
AcDbEntity
  8
F6_GRID_AU_01_05
100
AcDbPoint
 10
336.61709676031023
 20
4.033026430755854
 30
54.24699999999996
  0
POINT
  5
33F
330
17
100
AcDbEntity
  8
F6_GRID_AU_01_05
100
AcDbPoint
 10
341.5113509510411
 20
2.990313100628555
 30
54.24699999999996
  0
POINT
  5
340
330
17
100
AcDbEntity
  8
F6_GRID_AU_01_05
100
AcDbPoint
 10
346.4035024481127
 20
1.935309650376439
 30
54.24699999999996
  0
POINT
  5
341
330
17
100
AcDbEntity
  8
F6_GRID_AU_01_05
100
AcDbPoint
 10
351.4758750764886
 20
1.9336879691109061
 30
54.24699999999996
  0
POINT
  5
342
330
17
100
AcDbEntity
  8
F6_GRID_AU_00_01
100
AcDbPoint
 10
356.40129718277603
 20
1.0731492470949888
 30
54.24699999999996
  0
POINT
  5
343
330
17
100
AcDbEntity
  8
F6_GRID_AU_01_05
100
AcDbPoint
 10
361.38138772838283
 20
0.5321442913264036
 30
54.24699999999996
  0
POINT
  5
344
330
17
100
AcDbEntity
  8
F6_GRID_AU_00_01
100
AcDbPoint
 10
366.36201040714514
 20
-0.005750374868512154
 30
54.24699999999996
  0
POINT
  5
345
330
17
100
AcDbEntity
  8
F6_GRID_AU_00_01
100
AcDbPoint
 10
371.4169163162587
 20
-0.10946399066597223
 30
54.24699999999996
  0
POINT
  5
346
330
17
100
AcDbEntity
  8
F6_GRID_AU_00_01
100
AcDbPoint
 10
376.5740344778169
 20
0.38424691557884216
 30
54.24699999999996
  0
POINT
  5
347
330
17
100
AcDbEntity
  8
F6_GRID_AU_01_05
100
AcDbPoint
 10
14.476293066050857
 20
48.34615808259696
 30
59.24699999999996
  0
POINT
  5
348
330
17
100
AcDbEntity
  8
F6_GRID_AU_05_15
100
AcDbPoint
 10
19.432257783482783
 20
47.66413910035044
 30
59.24699999999996
  0
POINT
  5
349
330
17
100
AcDbEntity
  8
F6_GRID_AU_01_05
100
AcDbPoint
 10
25.57381865393836
 20
53.911858946084976
 30
59.24699999999996
  0
POINT
  5
34A
330
17
100
AcDbEntity
  8
F6_GRID_AU_01_05
100
AcDbPoint
 10
30.639621554291807
 20
53.871837593615055
 30
59.24699999999996
  0
POINT
  5
34B
330
17
100
AcDbEntity
  8
F6_GRID_AU_01_05
100
AcDbPoint
 10
35.49668670014944
 20
52.61175651382655
 30
59.24699999999996
  0
POINT
  5
34C
330
17
100
AcDbEntity
  8
F6_GRID_AU_01_05
100
AcDbPoint
 10
40.34048708132468
 20
51.27414367441088
 30
59.24699999999996
  0
POINT
  5
34D
330
17
100
AcDbEntity
  8
F6_GRID_AU_01_05
100
AcDbPoint
 10
45.26563843258191
 20
50.412022405304015
 30
59.24699999999996
  0
POINT
  5
34E
330
17
100
AcDbEntity
  8
F6_GRID_AU_01_05
100
AcDbPoint
 10
50.37847375741694
 20
50.646902771666646
 30
59.24699999999996
  0
POINT
  5
34F
330
17
100
AcDbEntity
  8
F6_GRID_AU_01_05
100
AcDbPoint
 10
55.288260224391706
 20
49.694974668323994
 30
59.24699999999996
  0
POINT
  5
350
330
17
100
AcDbEntity
  8
F6_GRID_AU_01_05
100
AcDbPoint
 10
60.09530348039698
 20
48.14251862466335
 30
59.24699999999996
  0
POINT
  5
351
330
17
100
AcDbEntity
  8
F6_GRID_AU_05_15
100
AcDbPoint
 10
65.37279959779698
 20
49.33983150590211
 30
59.24699999999996
  0
POINT
  5
352
330
17
100
AcDbEntity
  8
F6_GRID_AU_05_15
100
AcDbPoint
 10
70.42166300467215
 20
49.20079982560128
 30
59.24699999999996
  0
POINT
  5
353
330
17
100
AcDbEntity
  8
F6_GRID_AU_05_15
100
AcDbPoint
 10
75.35972093883902
 20
48.41411676350981
 30
59.24699999999996
  0
POINT
  5
354
330
17
100
AcDbEntity
  8
F6_GRID_AU_05_15
100
AcDbPoint
 10
80.24071660055779
 20
47.293908121064305
 30
59.24699999999996
  0
POINT
  5
355
330
17
100
AcDbEntity
  8
F6_GRID_AU_05_15
100
AcDbPoint
 10
85.09239157836419
 20
46.002321830019355
 30
59.24699999999996
  0
POINT
  5
356
330
17
100
AcDbEntity
  8
F6_GRID_AU_05_15
100
AcDbPoint
 10
89.92506895284168
 20
44.59969567973167
 30
59.24699999999996
  0
POINT
  5
357
330
17
100
AcDbEntity
  8
F6_GRID_AU_01_05
100
AcDbPoint
 10
94.92865907715168
 20
44.19604436215013
 30
59.24699999999996
  0
POINT
  5
358
330
17
100
AcDbEntity
  8
F6_GRID_AU_01_05
100
AcDbPoint
 10
100.0001401604386
 20
44.189211651682854
 30
59.24699999999996
  0
POINT
  5
359
330
17
100
AcDbEntity
  8
F6_GRID_AU_01_05
100
AcDbPoint
 10
104.98041564121377
 20
43.64928763266653
 30
59.24699999999996
  0
POINT
  5
35A
330
17
100
AcDbEntity
  8
F6_GRID_AU_00_01
100
AcDbPoint
 10
114.6558242632309
 20
40.90279962029308
 30
59.24699999999996
  0
POINT
  5
35B
330
17
100
AcDbEntity
  8
F6_GRID_AU_00_01
100
AcDbPoint
 10
119.58421467326116
 20
40.059610456228256
 30
59.24699999999996
  0
POINT
  5
35C
330
17
100
AcDbEntity
  8
F6_GRID_AU_01_05
100
AcDbPoint
 10
35.49668670014944
 20
52.61175651382655
 30
64.24699999999996
  0
POINT
  5
35D
330
17
100
AcDbEntity
  8
F6_GRID_AU_01_05
100
AcDbPoint
 10
40.34048708132468
 20
51.27414367441088
 30
64.24699999999996
  0
POINT
  5
35E
330
17
100
AcDbEntity
  8
F6_GRID_AU_01_05
100
AcDbPoint
 10
45.26563843258191
 20
50.412022405304015
 30
64.24699999999996
  0
POINT
  5
35F
330
17
100
AcDbEntity
  8
F6_GRID_AU_01_05
100
AcDbPoint
 10
50.37847375741694
 20
50.646902771666646
 30
64.24699999999996
  0
POINT
  5
360
330
17
100
AcDbEntity
  8
F6_GRID_AU_01_05
100
AcDbPoint
 10
55.288260224391706
 20
49.694974668323994
 30
64.24699999999996
  0
POINT
  5
361
330
17
100
AcDbEntity
  8
F6_GRID_AU_01_05
100
AcDbPoint
 10
60.043965166201815
 20
47.84244923945516
 30
64.24699999999996
  0
POINT
  5
362
330
17
100
AcDbEntity
  8
F6_GRID_AU_01_05
100
AcDbPoint
 10
64.93269724701531
 20
46.76745950616896
 30
64.24699999999996
  0
POINT
  5
363
330
17
100
AcDbEntity
  8
F6_GRID_AU_01_05
100
AcDbPoint
 10
69.90024586278014
 20
46.15314771886915
 30
64.24699999999996
  0
POINT
  5
364
330
17
100
AcDbEntity
  8
F6_GRID_AU_00_01
100
AcDbPoint
 10
74.84195054590236
 20
45.38777968753129
 30
64.24699999999996
  0
POINT
  5
365
330
17
100
AcDbEntity
  8
F6_GRID_AU_05_15
100
AcDbPoint
 10
79.83575178997125
 20
44.92691294848919
 30
64.24699999999996
  0
POINT
  5
366
330
17
100
AcDbEntity
  8
F6_GRID_AU_05_15
100
AcDbPoint
 10
84.71493335592095
 20
43.79610102530569
 30
64.24699999999996
  0
POINT
  5
367
330
17
100
AcDbEntity
  8
F6_GRID_AU_05_15
100
AcDbPoint
 10
89.48364831646904
 20
42.01961837802082
 30
64.24699999999996
  0
POINT
  5
368
330
17
100
AcDbEntity
  8
F6_GRID_AU_05_15
100
AcDbPoint
 10
94.48478902177885
 20
41.601650352589786
 30
64.24699999999996
  0
POINT
  5
369
330
17
100
AcDbEntity
  8
F6_GRID_AU_05_15
100
AcDbPoint
 10
99.66847625433002
 20
42.250655896030366
 30
64.24699999999996
  0
POINT
  5
36A
330
17
100
AcDbEntity
  8
F6_GRID_AU_00_01
100
AcDbPoint
 10
104.72280360234436
 20
42.14356062468141
 30
64.24699999999996
  0
POINT
  5
36B
330
17
100
AcDbEntity
  8
F6_GRID_AU_00_01
100
AcDbPoint
 10
109.62104443158023
 20
41.12414895836264
 30
64.24699999999996
  0
POINT
  5
36C
330
17
100
AcDbEntity
  8
F6_GRID_AU_00_01
100
AcDbPoint
 10
114.3688976232661
 20
39.225730516947806
 30
64.24699999999996
  0
POINT
  5
36D
330
17
100
AcDbEntity
  8
F6_GRID_AU_00_01
100
AcDbPoint
 10
119.37699763884302
 20
38.84843924548477
 30
64.24699999999996
  0
POINT
  5
36E
330
17
100
AcDbEntity
  8
F6_GRID_AU_01_05
100
AcDbPoint
 10
79.84768456127495
 20
44.99665928538889
 30
69.24699999999996
  0
POINT
  5
36F
330
17
100
AcDbEntity
  8
F6_GRID_AU_05_15
100
AcDbPoint
 10
84.71493335592095
 20
43.79610102530569
 30
69.24699999999996
  0
POINT
  5
370
330
17
100
AcDbEntity
  8
F6_GRID_AU_05_15
100
AcDbPoint
 10
89.48364831646904
 20
42.01961837802082
 30
69.24699999999996
  0
POINT
  5
371
330
17
100
AcDbEntity
  8
F6_GRID_AU_05_15
100
AcDbPoint
 10
94.48478902177885
 20
41.601650352589786
 30
69.24699999999996
  0
POINT
  5
372
330
17
100
AcDbEntity
  8
F6_GRID_AU_05_15
100
AcDbPoint
 10
99.66847625433002
 20
42.250655896030366
 30
69.24699999999996
  0
POINT
  5
373
330
17
100
AcDbEntity
  8
F6_GRID_AU_01_05
100
AcDbPoint
 10
104.72280360234436
 20
42.14356062468141
 30
69.24699999999996
  0
POINT
  5
374
330
17
100
AcDbEntity
  8
F6_GRID_AU_00_01
100
AcDbPoint
 10
114.25552822859026
 20
38.56309316493571
 30
69.24699999999996
  0
POINT
  5
375
330
17
100
AcDbEntity
  8
F6_GRID_AU_05_15
100
AcDbPoint
 10
88.21849219535943
 20
34.624856282025576
 30
74.24699999999996
  0
POINT
  5
376
330
17
100
AcDbEntity
  8
F6_GRID_AU_05_15
100
AcDbPoint
 10
93.28556646232028
 20
34.592265993356705
 30
74.24699999999996
  0
POINT
  5
377
330
17
100
AcDbEntity
  8
F6_GRID_AU_05_15
100
AcDbPoint
 10
98.34269226528704
 20
34.50152752548456
 30
74.24699999999996
  0
POINT
  5
378
330
17
100
AcDbEntity
  8
F6_GRID_AU_01_05
100
AcDbPoint
 10
103.49785215302836
 20
34.983792438171804
 30
74.24699999999996
  0
POINT
  5
379
330
17
100
AcDbEntity
  8
F6_GRID_AU_01_05
100
AcDbPoint
 10
108.44511033361778
 20
34.250884268432856
 30
74.24699999999996
  0
POINT
  5
37A
330
17
100
AcDbEntity
  8
F6_GRID_AU_01_05
100
AcDbPoint
 10
113.37341316125821
 20
33.40718318987638
 30
74.24699999999996
  0
POINT
  5
37B
330
17
100
AcDbEntity
  8
F6_GRID_AU_05_15
100
AcDbPoint
 10
118.40289267839398
 20
33.15485383011401
 30
74.24699999999996
  0
POINT
  5
37C
330
17
100
AcDbEntity
  8
F6_GRID_AU_01_05
100
AcDbPoint
 10
123.4982585022226
 20
33.287626003846526
 30
74.24699999999996
  0
POINT
  5
37D
330
17
100
AcDbEntity
  8
F6_GRID_AU_01_05
100
AcDbPoint
 10
128.59576230763923
 20
33.43289455305785
 30
74.24699999999996
  0
POINT
  5
37E
330
17
100
AcDbEntity
  8
F6_GRID_AU_01_05
100
AcDbPoint
 10
133.62991040339693
 20
33.20785275660455
 30
74.24699999999996
  0
POINT
  5
37F
330
17
100
AcDbEntity
  8
F6_GRID_AU_00_01
100
AcDbPoint
 10
138.6466281239409
 20
32.880931455641985
 30
74.24699999999996
  0
POINT
  5
380
330
17
100
AcDbEntity
  8
F6_GRID_AU_01_05
100
AcDbPoint
 10
143.61007118527777
 20
32.24262294918299
 30
74.24699999999996
  0
POINT
  5
381
330
17
100
AcDbEntity
  8
F6_GRID_AU_00_01
100
AcDbPoint
 10
148.545593672432
 20
31.4411203507334
 30
74.24699999999996
  0
POINT
  5
382
330
17
100
AcDbEntity
  8
F6_GRID_AU_01_05
100
AcDbPoint
 10
153.52907758334186
 20
30.91994941420853
 30
74.24699999999996
  0
POINT
  5
383
330
17
100
AcDbEntity
  8
F6_GRID_AU_00_01
100
AcDbPoint
 10
158.53942913457286
 20
30.555818233639002
 30
74.24699999999996
  0
POINT
  5
384
330
17
100
AcDbEntity
  8
F6_GRID_AU_01_05
100
AcDbPoint
 10
163.53115052403882
 20
30.08279486745596
 30
74.24699999999996
  0
POINT
  5
385
330
17
100
AcDbEntity
  8
F6_GRID_AU_05_15
100
AcDbPoint
 10
168.527186447056
 20
29.634989694692194
 30
74.24699999999996
  0
POINT
  5
386
330
17
100
AcDbEntity
  8
F6_GRID_AU_05_15
100
AcDbPoint
 10
173.47418583463877
 20
28.90056889411062
 30
74.24699999999996
  0
POINT
  5
387
330
17
100
AcDbEntity
  8
F6_GRID_AU_05_15
100
AcDbPoint
 10
178.53279882168863
 20
28.818522930145264
 30
74.24699999999996
  0
POINT
  5
388
330
17
100
AcDbEntity
  8
F6_GRID_AU_05_15
100
AcDbPoint
 10
88.21849219535943
 20
34.624856282025576
 30
79.24699999999996
  0
POINT
  5
389
330
17
100
AcDbEntity
  8
F6_GRID_AU_05_15
100
AcDbPoint
 10
93.28556646232028
 20
34.592265993356705
 30
79.24699999999996
  0
POINT
  5
38A
330
17
100
AcDbEntity
  8
F6_GRID_AU_05_15
100
AcDbPoint
 10
98.34269226528704
 20
34.50152752548456
 30
79.24699999999996
  0
POINT
  5
38B
330
17
100
AcDbEntity
  8
F6_GRID_AU_01_05
100
AcDbPoint
 10
103.49785215302836
 20
34.983792438171804
 30
79.24699999999996
  0
POINT
  5
38C
330
17
100
AcDbEntity
  8
F6_GRID_AU_01_05
100
AcDbPoint
 10
108.44511033361778
 20
34.250884268432856
 30
79.24699999999996
  0
POINT
  5
38D
330
17
100
AcDbEntity
  8
F6_GRID_AU_01_05
100
AcDbPoint
 10
113.37341316125821
 20
33.40718318987638
 30
79.24699999999996
  0
POINT
  5
38E
330
17
100
AcDbEntity
  8
F6_GRID_AU_05_15
100
AcDbPoint
 10
118.40289267839398
 20
33.15485383011401
 30
79.24699999999996
  0
POINT
  5
38F
330
17
100
AcDbEntity
  8
F6_GRID_AU_01_05
100
AcDbPoint
 10
123.4982585022226
 20
33.287626003846526
 30
79.24699999999996
  0
POINT
  5
390
330
17
100
AcDbEntity
  8
F6_GRID_AU_01_05
100
AcDbPoint
 10
128.59576230763923
 20
33.43289455305785
 30
79.24699999999996
  0
POINT
  5
391
330
17
100
AcDbEntity
  8
F6_GRID_AU_01_05
100
AcDbPoint
 10
133.62991040339693
 20
33.20785275660455
 30
79.24699999999996
  0
POINT
  5
392
330
17
100
AcDbEntity
  8
F6_GRID_AU_00_01
100
AcDbPoint
 10
138.6466281239409
 20
32.880931455641985
 30
79.24699999999996
  0
POINT
  5
393
330
17
100
AcDbEntity
  8
F6_GRID_AU_01_05
100
AcDbPoint
 10
143.61007118527777
 20
32.24262294918299
 30
79.24699999999996
  0
POINT
  5
394
330
17
100
AcDbEntity
  8
F6_GRID_AU_00_01
100
AcDbPoint
 10
148.545593672432
 20
31.4411203507334
 30
79.24699999999996
  0
POINT
  5
395
330
17
100
AcDbEntity
  8
F6_GRID_AU_01_05
100
AcDbPoint
 10
153.52907758334186
 20
30.91994941420853
 30
79.24699999999996
  0
POINT
  5
396
330
17
100
AcDbEntity
  8
F6_GRID_AU_00_01
100
AcDbPoint
 10
158.53942913457286
 20
30.555818233639002
 30
79.24699999999996
  0
POINT
  5
397
330
17
100
AcDbEntity
  8
F6_GRID_AU_01_05
100
AcDbPoint
 10
163.53115052403882
 20
30.08279486745596
 30
79.24699999999996
  0
POINT
  5
398
330
17
100
AcDbEntity
  8
F6_GRID_AU_05_15
100
AcDbPoint
 10
168.527186447056
 20
29.634989694692194
 30
79.24699999999996
  0
POINT
  5
399
330
17
100
AcDbEntity
  8
F6_GRID_AU_05_15
100
AcDbPoint
 10
173.50867568643298
 20
29.102160021662712
 30
79.24699999999996
  0
POINT
  5
39A
330
17
100
AcDbEntity
  8
F6_GRID_AU_15_50
100
AcDbPoint
 10
178.53279882168863
 20
28.818522930145264
 30
79.24699999999996
  0
POINT
  5
39B
330
17
100
AcDbEntity
  8
F6_GRID_AU_01_05
100
AcDbPoint
 10
181.9021551279584
 20
18.862872380763292
 30
79.24699999999996
  0
POINT
  5
39C
330
17
100
AcDbEntity
  8
F6_GRID_AU_01_05
100
AcDbPoint
 10
186.8068898349302
 20
17.88141704443842
 30
79.24699999999996
  0
POINT
  5
39D
330
17
100
AcDbEntity
  8
F6_GRID_AU_05_15
100
AcDbPoint
 10
191.72214740153868
 20
16.961467193439603
 30
79.24699999999996
  0
POINT
  5
39E
330
17
100
AcDbEntity
  8
F6_GRID_AU_05_15
100
AcDbPoint
 10
196.74963488860521
 20
16.697494535706937
 30
79.24699999999996
  0
POINT
  5
39F
330
17
100
AcDbEntity
  8
F6_GRID_AU_05_15
100
AcDbPoint
 10
201.87539127341006
 20
17.007897727191448
 30
79.24699999999996
  0
POINT
  5
3A0
330
17
100
AcDbEntity
  8
F6_GRID_AU_05_15
100
AcDbPoint
 10
206.94033720181324
 20
16.962867425754666
 30
79.24699999999996
  0
POINT
  5
3A1
330
17
100
AcDbEntity
  8
F6_GRID_AU_05_15
100
AcDbPoint
 10
211.89155136269983
 20
16.253081724978983
 30
79.24699999999996
  0
POINT
  5
3A2
330
17
100
AcDbEntity
  8
F6_GRID_AU_05_15
100
AcDbPoint
 10
181.9021551279584
 20
18.862872380763292
 30
84.24699999999996
  0
POINT
  5
3A3
330
17
100
AcDbEntity
  8
F6_GRID_AU_05_15
100
AcDbPoint
 10
186.8068898349302
 20
17.88141704443842
 30
84.24699999999996
  0
POINT
  5
3A4
330
17
100
AcDbEntity
  8
F6_GRID_AU_05_15
100
AcDbPoint
 10
191.72214740153868
 20
16.961467193439603
 30
84.24699999999996
  0
POINT
  5
3A5
330
17
100
AcDbEntity
  8
F6_GRID_AU_05_15
100
AcDbPoint
 10
196.74963488860521
 20
16.697494535706937
 30
84.24699999999996
  0
POINT
  5
3A6
330
17
100
AcDbEntity
  8
F6_GRID_AU_05_15
100
AcDbPoint
 10
201.87539127341006
 20
17.007897727191448
 30
84.24699999999996
  0
POINT
  5
3A7
330
17
100
AcDbEntity
  8
F6_GRID_AU_15_50
100
AcDbPoint
 10
206.94033720181324
 20
16.962867425754666
 30
84.24699999999996
  0
POINT
  5
3A8
330
17
100
AcDbEntity
  8
F6_GRID_AU_15_50
100
AcDbPoint
 10
211.943500280031
 20
16.55672005005181
 30
84.24699999999996
  0
POINT
  5
3A9
330
17
100
AcDbEntity
  8
F6_GRID_AU_GE_50
100
AcDbPoint
 10
217.00362579652574
 20
16.48351472709328
 30
84.24699999999996
  0
POINT
  5
3AA
330
17
100
AcDbEntity
  8
F6_GRID_AU_15_50
100
AcDbPoint
 10
221.87470802816097
 20
15.305362678132951
 30
84.24699999999996
  0
POINT
  5
3AB
330
17
100
AcDbEntity
  8
F6_GRID_AU_05_15
100
AcDbPoint
 10
226.88836101989727
 20
14.96052822098136
 30
84.24699999999996
  0
POINT
  5
3AC
330
17
100
AcDbEntity
  8
F6_GRID_AU_05_15
100
AcDbPoint
 10
231.89465587807354
 20
14.57268591132015
 30
84.24699999999996
  0
POINT
  5
3AD
330
17
100
AcDbEntity
  8
F6_GRID_AU_05_15
100
AcDbPoint
 10
237.01942724641412
 20
14.877331740222871
 30
84.24699999999996
  0
POINT
  5
3AE
330
17
100
AcDbEntity
  8
F6_GRID_AU_05_15
100
AcDbPoint
 10
242.03846231801435
 20
14.563955217599869
 30
84.24699999999996
  0
POINT
  5
3AF
330
17
100
AcDbEntity
  8
F6_GRID_AU_05_15
100
AcDbPoint
 10
186.8068898349302
 20
17.88141704443842
 30
89.24699999999996
  0
POINT
  5
3B0
330
17
100
AcDbEntity
  8
F6_GRID_AU_05_15
100
AcDbPoint
 10
191.9422818258172
 20
18.248139778152108
 30
89.24699999999996
  0
POINT
  5
3B1
330
17
100
AcDbEntity
  8
F6_GRID_AU_01_05
100
AcDbPoint
 10
196.9689844804816
 20
17.979579822160304
 30
89.24699999999996
  0
POINT
  5
3B2
330
17
100
AcDbEntity
  8
F6_GRID_AU_05_15
100
AcDbPoint
 10
202.02841250703204
 20
17.902297714725137
 30
89.24699999999996
  0
POINT
  5
3B3
330
17
100
AcDbEntity
  8
F6_GRID_AU_15_50
100
AcDbPoint
 10
207.12094813666772
 20
18.018527571111917
 30
89.24699999999996
  0
POINT
  5
3B4
330
17
100
AcDbEntity
  8
F6_GRID_AU_15_50
100
AcDbPoint
 10
212.1704114396125
 20
17.883002248592675
 30
89.24699999999996
  0
POINT
  5
3B5
330
17
100
AcDbEntity
  8
F6_GRID_AU_15_50
100
AcDbPoint
 10
217.00362579652574
 20
16.48351472709328
 30
89.24699999999996
  0
POINT
  5
3B6
330
17
100
AcDbEntity
  8
F6_GRID_AU_15_50
100
AcDbPoint
 10
221.87470802816097
 20
15.305362678132951
 30
89.24699999999996
  0
POINT
  5
3B7
330
17
100
AcDbEntity
  8
F6_GRID_AU_15_50
100
AcDbPoint
 10
226.88836101989727
 20
14.96052822098136
 30
89.24699999999996
  0
POINT
  5
3B8
330
17
100
AcDbEntity
  8
F6_GRID_AU_05_15
100
AcDbPoint
 10
231.89465587807354
 20
14.57268591132015
 30
89.24699999999996
  0
POINT
  5
3B9
330
17
100
AcDbEntity
  8
F6_GRID_AU_05_15
100
AcDbPoint
 10
237.01942724641412
 20
14.877331740222871
 30
89.24699999999996
  0
POINT
  5
3BA
330
17
100
AcDbEntity
  8
F6_GRID_AU_05_15
100
AcDbPoint
 10
242.03846231801435
 20
14.563955217599869
 30
89.24699999999996
  0
POINT
  5
3BB
330
17
100
AcDbEntity
  8
F6_GRID_AU_05_15
100
AcDbPoint
 10
191.9422818258172
 20
18.248139778152108
 30
94.24699999999996
  0
POINT
  5
3BC
330
17
100
AcDbEntity
  8
F6_GRID_AU_01_05
100
AcDbPoint
 10
196.9689844804816
 20
17.979579822160304
 30
94.24699999999996
  0
POINT
  5
3BD
330
17
100
AcDbEntity
  8
F6_GRID_AU_15_50
100
AcDbPoint
 10
202.02841250703204
 20
17.902297714725137
 30
94.24699999999996
  0
POINT
  5
3BE
330
17
100
AcDbEntity
  8
F6_GRID_AU_15_50
100
AcDbPoint
 10
207.12094813666772
 20
18.018527571111917
 30
94.24699999999996
  0
POINT
  5
3BF
330
17
100
AcDbEntity
  8
F6_GRID_AU_15_50
100
AcDbPoint
 10
212.1704114396125
 20
17.883002248592675
 30
94.24699999999996
  0
POINT
  5
3C0
330
17
100
AcDbEntity
  8
F6_GRID_AU_15_50
100
AcDbPoint
 10
217.14085390523542
 20
17.285604841075838
 30
94.24699999999996
  0
POINT
  5
3C1
330
17
100
AcDbEntity
  8
F6_GRID_AU_01_05
100
AcDbPoint
 10
222.00206718058325
 20
16.049769330769777
 30
94.24699999999996
  0
POINT
  5
3C2
330
17
100
AcDbEntity
  8
F6_GRID_AU_15_50
100
AcDbPoint
 10
226.97036639077123
 20
15.439844724722207
 30
94.24699999999996
  0
POINT
  5
3C3
330
17
100
AcDbEntity
  8
F6_GRID_AU_01_05
100
AcDbPoint
 10
231.9248202019371
 20
14.748994586057961
 30
94.24699999999996
  0
POINT
  5
3C4
330
17
100
AcDbEntity
  8
F6_GRID_AU_05_15
100
AcDbPoint
 10
236.92844833247364
 20
14.345565412193537
 30
94.24699999999996
  0
POINT
  5
3C5
330
17
100
AcDbEntity
  8
F6_GRID_AU_05_15
100
AcDbPoint
 10
241.93568245787174
 20
13.96321306284517
 30
94.24699999999996
  0
POINT
  5
3C6
330
17
100
AcDbEntity
  8
F6_GRID_AU_05_15
100
AcDbPoint
 10
226.97036639077123
 20
15.439844724722207
 30
99.24699999999996
  0
POINT
  5
3C7
330
17
100
AcDbEntity
  8
F6_GRID_AU_05_15
100
AcDbPoint
 10
231.9248202019371
 20
14.748994586057961
 30
99.24699999999996
  0
POINT
  5
3C8
330
17
100
AcDbEntity
  8
F6_GRID_AU_05_15
100
AcDbPoint
 10
236.92844833247364
 20
14.345565412193537
 30
99.24699999999996
  0
POINT
  5
3C9
330
17
100
AcDbEntity
  8
F6_GRID_AU_05_15
100
AcDbPoint
 10
3.3760443329811096e-09
 20
52.68110004719347
 30
104.24699999999996
  0
POINT
  5
3CA
330
17
100
AcDbEntity
  8
F6_GRID_AU_15_50
100
AcDbPoint
 10
3.3760443329811096e-09
 20
52.68110004719347
 30
109.24699999999996
  0
POINT
  5
3CB
330
17
100
AcDbEntity
  8
F6_GRID_AU_01_05
100
AcDbPoint
 10
4.810763276997022
 20
51.150387284345925
 30
109.24699999999996
  0
POINT
  5
3CC
330
17
100
AcDbEntity
  8
F6_GRID_AU_00_01
100
AcDbPoint
 10
9.685484897927381
 20
49.993507247418165
 30
109.24699999999996
  0
POINT
  5
3CD
330
17
100
AcDbEntity
  8
F6_GRID_AU_05_15
100
AcDbPoint
 10
14.530501782428473
 20
48.66300479788333
 30
109.24699999999996
  0
POLYLINE
  5
3CE
330
17
100
AcDbEntity
  8
F6_TRAZAS_MUESTREO
100
AcDb3dPolyline
 66
1
 10
0.0
 20
0.0
 30
0.0
 70
8
  0
VERTEX
  5
3D0
330
17
100
AcDbEntity
  8
F6_TRAZAS_MUESTREO
100
AcDbVertex
100
AcDb3dPolylineVertex
 10
114.87578452995513
 20
39.61854344047606
 30
63.3069999999999
 70
32
  0
VERTEX
  5
3D1
330
17
100
AcDbEntity
  8
F6_TRAZAS_MUESTREO
100
AcDbVertex
100
AcDb3dPolylineVertex
 10
114.9862258899957
 20
40.05391908995807
 30
61.36699999999996
 70
32
  0
VERTEX
  5
3D2
330
17
100
AcDbEntity
  8
F6_TRAZAS_MUESTREO
100
AcDbVertex
100
AcDb3dPolylineVertex
 10
115.1293932099361
 20
40.82177759986371
 30
59.456999999999994
 70
32
  0
SEQEND
  5
3CF
330
3CE
100
AcDbEntity
  8
F6_TRAZAS_MUESTREO
  0
TEXT
  5
3D3
330
17
100
AcDbEntity
  8
F6_ETIQUETAS
100
AcDbText
 10
114.87578452995513
 20
39.61854344047606
 30
63.3069999999999
 40
0.45
  1
CH-180_Z910_0
 11
114.87578452995513
 21
39.61854344047606
 31
63.3069999999999
100
AcDbText
  0
POLYLINE
  5
3D4
330
17
100
AcDbEntity
  8
F6_TRAZAS_MUESTREO
100
AcDb3dPolyline
 66
1
 10
0.0
 20
0.0
 30
0.0
 70
8
  0
VERTEX
  5
3D6
330
17
100
AcDbEntity
  8
F6_TRAZAS_MUESTREO
100
AcDbVertex
100
AcDb3dPolylineVertex
 10
114.57659833994694
 20
38.50816186983138
 30
67.13699999999994
 70
32
  0
VERTEX
  5
3D7
330
17
100
AcDbEntity
  8
F6_TRAZAS_MUESTREO
100
AcDbVertex
100
AcDb3dPolylineVertex
 10
114.72371014999226
 20
39.16502629965544
 30
65.197
 70
32
  0
SEQEND
  5
3D5
330
3D4
100
AcDbEntity
  8
F6_TRAZAS_MUESTREO
  0
TEXT
  5
3D8
330
17
100
AcDbEntity
  8
F6_ETIQUETAS
100
AcDbText
 10
114.57659833994694
 20
38.50816186983138
 30
67.13699999999994
 40
0.45
  1
CH-180_Z915_0
 11
114.57659833994694
 21
38.50816186983138
 31
67.13699999999994
100
AcDbText
  0
POLYLINE
  5
3D9
330
17
100
AcDbEntity
  8
F6_TRAZAS_MUESTREO
100
AcDb3dPolyline
 66
1
 10
0.0
 20
0.0
 30
0.0
 70
8
  0
VERTEX
  5
3DB
330
17
100
AcDbEntity
  8
F6_TRAZAS_MUESTREO
100
AcDbVertex
100
AcDb3dPolylineVertex
 10
133.13509999995586
 20
50.231399999931455
 30
0.0
 70
32
  0
VERTEX
  5
3DC
330
17
100
AcDbEntity
  8
F6_TRAZAS_MUESTREO
100
AcDbVertex
100
AcDb3dPolylineVertex
 10
134.99029999994673
 20
49.48909999988973
 30
0.0
 70
32
  0
VERTEX
  5
3DD
330
17
100
AcDbEntity
  8
F6_TRAZAS_MUESTREO
100
AcDbVertex
100
AcDb3dPolylineVertex
 10
136.88919999997597
 20
48.865100000053644
 30
0.0
 70
32
  0
VERTEX
  5
3DE
330
17
100
AcDbEntity
  8
F6_TRAZAS_MUESTREO
100
AcDbVertex
100
AcDb3dPolylineVertex
 10
138.82319999998435
 20
48.35670000035316
 30
0.0
 70
32
  0
VERTEX
  5
3DF
330
17
100
AcDbEntity
  8
F6_TRAZAS_MUESTREO
100
AcDbVertex
100
AcDb3dPolylineVertex
 10
140.74060000001919
 20
47.787800000049174
 30
0.0
 70
32
  0
VERTEX
  5
3E0
330
17
100
AcDbEntity
  8
F6_TRAZAS_MUESTREO
100
AcDbVertex
100
AcDb3dPolylineVertex
 10
142.68880000000354
 20
47.33779999986291
 30
0.0
 70
32
  0
VERTEX
  5
3E1
330
17
100
AcDbEntity
  8
F6_TRAZAS_MUESTREO
100
AcDbVertex
100
AcDb3dPolylineVertex
 10
144.6422999999486
 20
46.9093000004068
 30
0.0
 70
32
  0
VERTEX
  5
3E2
330
17
100
AcDbEntity
  8
F6_TRAZAS_MUESTREO
100
AcDbVertex
100
AcDb3dPolylineVertex
 10
146.59679999994114
 20
46.48489999957383
 30
0.0
 70
32
  0
VERTEX
  5
3E3
330
17
100
AcDbEntity
  8
F6_TRAZAS_MUESTREO
100
AcDbVertex
100
AcDb3dPolylineVertex
 10
148.54960000002757
 20
46.05319999996573
 30
0.0
 70
32
  0
VERTEX
  5
3E4
330
17
100
AcDbEntity
  8
F6_TRAZAS_MUESTREO
100
AcDbVertex
100
AcDb3dPolylineVertex
 10
150.52939999999944
 20
45.8238000003621
 30
0.0
 70
32
  0
VERTEX
  5
3E5
330
17
100
AcDbEntity
  8
F6_TRAZAS_MUESTREO
100
AcDbVertex
100
AcDb3dPolylineVertex
 10
152.51319999992847
 20
46.044700000435114
 30
0.0
 70
32
  0
VERTEX
  5
3E6
330
17
100
AcDbEntity
  8
F6_TRAZAS_MUESTREO
100
AcDbVertex
100
AcDb3dPolylineVertex
 10
154.4714999999851
 20
46.43350000027567
 30
0.0
 70
32
  0
SEQEND
  5
3DA
330
3D9
100
AcDbEntity
  8
F6_TRAZAS_MUESTREO
  0
TEXT
  5
3E7
330
17
100
AcDbEntity
  8
F6_ETIQUETAS
100
AcDbText
 10
133.13509999995586
 20
50.231399999931455
 30
0.0
 40
0.45
  1
GA220_Z850_0
 11
133.13509999995586
 21
50.231399999931455
 31
0.0
100
AcDbText
  0
POLYLINE
  5
3E8
330
17
100
AcDbEntity
  8
F6_TRAZAS_MUESTREO
100
AcDb3dPolyline
 66
1
 10
0.0
 20
0.0
 30
0.0
 70
8
  0
VERTEX
  5
3EA
330
17
100
AcDbEntity
  8
F6_TRAZAS_MUESTREO
100
AcDbVertex
100
AcDb3dPolylineVertex
 10
338.420999999973
 20
3.724399999715388
 30
51.59699999999998
 70
32
  0
VERTEX
  5
3EB
330
17
100
AcDbEntity
  8
F6_TRAZAS_MUESTREO
100
AcDbVertex
100
AcDb3dPolylineVertex
 10
340.37509999994654
 20
3.339100000448525
 30
51.59699999999998
 70
32
  0
VERTEX
  5
3EC
330
17
100
AcDbEntity
  8
F6_TRAZAS_MUESTREO
100
AcDbVertex
100
AcDb3dPolylineVertex
 10
341.61509999993723
 20
2.9259999999776483
 30
51.27719999999999
 70
32
  0
VERTEX
  5
3ED
330
17
100
AcDbEntity
  8
F6_TRAZAS_MUESTREO
100
AcDbVertex
100
AcDb3dPolylineVertex
 10
342.31160000001546
 20
2.853400000371039
 30
51.59699999999998
 70
32
  0
VERTEX
  5
3EE
330
17
100
AcDbEntity
  8
F6_TRAZAS_MUESTREO
100
AcDbVertex
100
AcDb3dPolylineVertex
 10
344.22159999993164
 20
2.2626000000163913
 30
51.59699999999998
 70
32
  0
VERTEX
  5
3EF
330
17
100
AcDbEntity
  8
F6_TRAZAS_MUESTREO
100
AcDbVertex
100
AcDb3dPolylineVertex
 10
346.2060000000056
 20
1.9691000003367662
 30
51.59699999999998
 70
32
  0
VERTEX
  5
3F0
330
17
100
AcDbEntity
  8
F6_TRAZAS_MUESTREO
100
AcDbVertex
100
AcDb3dPolylineVertex
 10
348.20649999997113
 20
1.9126000003889203
 30
51.59699999999998
 70
32
  0
VERTEX
  5
3F1
330
17
100
AcDbEntity
  8
F6_TRAZAS_MUESTREO
100
AcDbVertex
100
AcDb3dPolylineVertex
 10
350.204000000027
 20
1.8161000004038215
 30
51.59699999999998
 70
32
  0
VERTEX
  5
3F2
330
17
100
AcDbEntity
  8
F6_TRAZAS_MUESTREO
100
AcDbVertex
100
AcDb3dPolylineVertex
 10
352.20349999994505
 20
1.8092000000178814
 30
51.59699999999998
 70
32
  0
VERTEX
  5
3F3
330
17
100
AcDbEntity
  8
F6_TRAZAS_MUESTREO
100
AcDbVertex
100
AcDb3dPolylineVertex
 10
354.48470000003
 20
1.8174999998882413
 30
51.59699999999998
 70
32
  0
VERTEX
  5
3F4
330
17
100
AcDbEntity
  8
F6_TRAZAS_MUESTREO
100
AcDbVertex
100
AcDb3dPolylineVertex
 10
355.2927999999374
 20
1.2627999996766448
 30
51.59699999999998
 70
32
  0
VERTEX
  5
3F5
330
17
100
AcDbEntity
  8
F6_TRAZAS_MUESTREO
100
AcDbVertex
100
AcDb3dPolylineVertex
 10
357.54839999997057
 20
0.8005999997258186
 30
51.59699999999998
 70
32
  0
VERTEX
  5
3F6
330
17
100
AcDbEntity
  8
F6_TRAZAS_MUESTREO
100
AcDbVertex
100
AcDb3dPolylineVertex
 10
359.91419999999925
 20
0.6986999996006489
 30
51.59699999999998
 70
32
  0
VERTEX
  5
3F7
330
17
100
AcDbEntity
  8
F6_TRAZAS_MUESTREO
100
AcDbVertex
100
AcDb3dPolylineVertex
 10
361.45880000002217
 20
0.5189000004902482
 30
51.59699999999998
 70
32
  0
VERTEX
  5
3F8
330
17
100
AcDbEntity
  8
F6_TRAZAS_MUESTREO
100
AcDbVertex
100
AcDb3dPolylineVertex
 10
364.38670000003185
 20
0.80489999987185
 30
51.59699999999998
 70
32
  0
VERTEX
  5
3F9
330
17
100
AcDbEntity
  8
F6_TRAZAS_MUESTREO
100
AcDbVertex
100
AcDb3dPolylineVertex
 10
366.3674999999348
 20
0.7852999996393919
 30
51.59699999999998
 70
32
  0
VERTEX
  5
3FA
330
17
100
AcDbEntity
  8
F6_TRAZAS_MUESTREO
100
AcDbVertex
100
AcDb3dPolylineVertex
 10
366.3283999999985
 20
0.0
 30
51.59699999999998
 70
32
  0
VERTEX
  5
3FB
330
17
100
AcDbEntity
  8
F6_TRAZAS_MUESTREO
100
AcDbVertex
100
AcDb3dPolylineVertex
 10
367.73649999999907
 20
0.5001999996602535
 30
51.59699999999998
 70
32
  0
VERTEX
  5
3FC
330
17
100
AcDbEntity
  8
F6_TRAZAS_MUESTREO
100
AcDbVertex
100
AcDb3dPolylineVertex
 10
370.7321000000229
 20
0.007699999958276749
 30
51.59699999999998
 70
32
  0
VERTEX
  5
3FD
330
17
100
AcDbEntity
  8
F6_TRAZAS_MUESTREO
100
AcDbVertex
100
AcDb3dPolylineVertex
 10
373.87569999997504
 20
0.8459000000730157
 30
51.59699999999998
 70
32
  0
SEQEND
  5
3E9
330
3E8
100
AcDbEntity
  8
F6_TRAZAS_MUESTREO
  0
TEXT
  5
3FE
330
17
100
AcDbEntity
  8
F6_ETIQUETAS
100
AcDbText
 10
338.420999999973
 20
3.724399999715388
 30
51.59699999999998
 40
0.45
  1
GA9920_Z900_0
 11
338.420999999973
 21
3.724399999715388
 31
51.59699999999998
100
AcDbText
  0
POLYLINE
  5
3FF
330
17
100
AcDbEntity
  8
F6_TRAZAS_MUESTREO
100
AcDb3dPolyline
 66
1
 10
0.0
 20
0.0
 30
0.0
 70
8
  0
VERTEX
  5
401
330
17
100
AcDbEntity
  8
F6_TRAZAS_MUESTREO
100
AcDbVertex
100
AcDb3dPolylineVertex
 10
11.216316417674534
 20
52.52306155394763
 30
51.84699999999998
 70
32
  0
VERTEX
  5
402
330
17
100
AcDbEntity
  8
F6_TRAZAS_MUESTREO
100
AcDbVertex
100
AcDb3dPolylineVertex
 10
13.15077096002642
 20
52.015237151645124
 30
51.84699999999998
 70
32
  0
VERTEX
  5
403
330
17
100
AcDbEntity
  8
F6_TRAZAS_MUESTREO
100
AcDbVertex
100
AcDb3dPolylineVertex
 10
15.135119104990736
 20
51.82399496808648
 30
51.84699999999998
 70
32
  0
VERTEX
  5
404
330
17
100
AcDbEntity
  8
F6_TRAZAS_MUESTREO
100
AcDbVertex
100
AcDb3dPolylineVertex
 10
17.119959214585833
 20
51.59051546640694
 30
51.84699999999998
 70
32
  0
VERTEX
  5
405
330
17
100
AcDbEntity
  8
F6_TRAZAS_MUESTREO
100
AcDbVertex
100
AcDb3dPolylineVertex
 10
19.256555730476975
 20
51.70864383969456
 30
51.84699999999998
 70
32
  0
VERTEX
  5
406
330
17
100
AcDbEntity
  8
F6_TRAZAS_MUESTREO
100
AcDbVertex
100
AcDb3dPolylineVertex
 10
20.908634254476056
 20
52.49741495214403
 30
51.84699999999998
 70
32
  0
VERTEX
  5
407
330
17
100
AcDbEntity
  8
F6_TRAZAS_MUESTREO
100
AcDbVertex
100
AcDb3dPolylineVertex
 10
22.391471189330332
 20
53.80543035827577
 30
51.84699999999998
 70
32
  0
VERTEX
  5
408
330
17
100
AcDbEntity
  8
F6_TRAZAS_MUESTREO
100
AcDbVertex
100
AcDb3dPolylineVertex
 10
24.294706722954288
 20
54.443118292838335
 30
51.84699999999998
 70
32
  0
VERTEX
  5
409
330
17
100
AcDbEntity
  8
F6_TRAZAS_MUESTREO
100
AcDbVertex
100
AcDb3dPolylineVertex
 10
26.17704373691231
 20
55.08697970956564
 30
51.84699999999998
 70
32
  0
VERTEX
  5
40A
330
17
100
AcDbEntity
  8
F6_TRAZAS_MUESTREO
100
AcDbVertex
100
AcDb3dPolylineVertex
 10
28.158796768984757
 20
55.32755241822451
 30
51.84699999999998
 70
32
  0
VERTEX
  5
40B
330
17
100
AcDbEntity
  8
F6_TRAZAS_MUESTREO
100
AcDbVertex
100
AcDb3dPolylineVertex
 10
30.152034800034016
 20
55.48247607797384
 30
51.84699999999998
 70
32
  0
VERTEX
  5
40C
330
17
100
AcDbEntity
  8
F6_TRAZAS_MUESTREO
100
AcDbVertex
100
AcDb3dPolylineVertex
 10
32.1483745011501
 20
55.60332972090691
 30
51.84699999999998
 70
32
  0
VERTEX
  5
40D
330
17
100
AcDbEntity
  8
F6_TRAZAS_MUESTREO
100
AcDbVertex
100
AcDb3dPolylineVertex
 10
34.14689364598598
 20
55.64427399635315
 30
51.84699999999998
 70
32
  0
VERTEX
  5
40E
330
17
100
AcDbEntity
  8
F6_TRAZAS_MUESTREO
100
AcDbVertex
100
AcDb3dPolylineVertex
 10
35.64837430708576
 20
55.636726047843695
 30
51.84699999999998
 70
32
  0
VERTEX
  5
40F
330
17
100
AcDbEntity
  8
F6_TRAZAS_MUESTREO
100
AcDbVertex
100
AcDb3dPolylineVertex
 10
37.5492730186088
 20
55.161691159941256
 30
51.84699999999998
 70
32
  0
VERTEX
  5
410
330
17
100
AcDbEntity
  8
F6_TRAZAS_MUESTREO
100
AcDbVertex
100
AcDb3dPolylineVertex
 10
39.5312956153648
 20
54.85838970914483
 30
51.84699999999998
 70
32
  0
VERTEX
  5
411
330
17
100
AcDbEntity
  8
F6_TRAZAS_MUESTREO
100
AcDbVertex
100
AcDb3dPolylineVertex
 10
41.489366191555746
 20
54.48798477463424
 30
51.84699999999998
 70
32
  0
VERTEX
  5
412
330
17
100
AcDbEntity
  8
F6_TRAZAS_MUESTREO
100
AcDbVertex
100
AcDb3dPolylineVertex
 10
43.46342670475133
 20
54.13522894773632
 30
51.84699999999998
 70
32
  0
VERTEX
  5
413
330
17
100
AcDbEntity
  8
F6_TRAZAS_MUESTREO
100
AcDbVertex
100
AcDb3dPolylineVertex
 10
45.44937002577353
 20
53.876622434705496
 30
51.84699999999998
 70
32
  0
VERTEX
  5
414
330
17
100
AcDbEntity
  8
F6_TRAZAS_MUESTREO
100
AcDbVertex
100
AcDb3dPolylineVertex
 10
47.433580257580616
 20
53.64421282708645
 30
51.84699999999998
 70
32
  0
VERTEX
  5
415
330
17
100
AcDbEntity
  8
F6_TRAZAS_MUESTREO
100
AcDbVertex
100
AcDb3dPolylineVertex
 10
49.39286989404354
 20
53.26837014313787
 30
51.84699999999998
 70
32
  0
VERTEX
  5
416
330
17
100
AcDbEntity
  8
F6_TRAZAS_MUESTREO
100
AcDbVertex
100
AcDb3dPolylineVertex
 10
51.23100268363487
 20
52.51474748272449
 30
51.84699999999998
 70
32
  0
VERTEX
  5
417
330
17
100
AcDbEntity
  8
F6_TRAZAS_MUESTREO
100
AcDbVertex
100
AcDb3dPolylineVertex
 10
53.06416299578268
 20
51.74803229048848
 30
51.84699999999998
 70
32
  0
VERTEX
  5
418
330
17
100
AcDbEntity
  8
F6_TRAZAS_MUESTREO
100
AcDbVertex
100
AcDb3dPolylineVertex
 10
55.03959285560995
 20
51.27058223634958
 30
51.84699999999998
 70
32
  0
VERTEX
  5
419
330
17
100
AcDbEntity
  8
F6_TRAZAS_MUESTREO
100
AcDbVertex
100
AcDb3dPolylineVertex
 10
56.98416551947594
 20
50.78019733261317
 30
51.84699999999998
 70
32
  0
VERTEX
  5
41A
330
17
100
AcDbEntity
  8
F6_TRAZAS_MUESTREO
100
AcDbVertex
100
AcDb3dPolylineVertex
 10
58.98438086814713
 20
50.81023244187236
 30
51.84699999999998
 70
32
  0
VERTEX
  5
41B
330
17
100
AcDbEntity
  8
F6_TRAZAS_MUESTREO
100
AcDbVertex
100
AcDb3dPolylineVertex
 10
60.94061027432326
 20
50.48419076669961
 30
51.84699999999998
 70
32
  0
VERTEX
  5
41C
330
17
100
AcDbEntity
  8
F6_TRAZAS_MUESTREO
100
AcDbVertex
100
AcDb3dPolylineVertex
 10
62.921462027938105
 20
50.165676057338715
 30
51.84699999999998
 70
32
  0
VERTEX
  5
41D
330
17
100
AcDbEntity
  8
F6_TRAZAS_MUESTREO
100
AcDbVertex
100
AcDb3dPolylineVertex
 10
64.9155535697937
 20
49.91657832823694
 30
51.84699999999998
 70
32
  0
VERTEX
  5
41E
330
17
100
AcDbEntity
  8
F6_TRAZAS_MUESTREO
100
AcDbVertex
100
AcDb3dPolylineVertex
 10
66.89033022860531
 20
49.83618706744164
 30
51.84699999999998
 70
32
  0
VERTEX
  5
41F
330
17
100
AcDbEntity
  8
F6_TRAZAS_MUESTREO
100
AcDbVertex
100
AcDb3dPolylineVertex
 10
68.86584864917677
 20
49.519793027080595
 30
51.84699999999998
 70
32
  0
VERTEX
  5
420
330
17
100
AcDbEntity
  8
F6_TRAZAS_MUESTREO
100
AcDbVertex
100
AcDb3dPolylineVertex
 10
70.7956229436677
 20
49.1531763933599
 30
51.84699999999998
 70
32
  0
VERTEX
  5
421
330
17
100
AcDbEntity
  8
F6_TRAZAS_MUESTREO
100
AcDbVertex
100
AcDb3dPolylineVertex
 10
72.80244733404834
 20
49.16273084934801
 30
51.84699999999998
 70
32
  0
VERTEX
  5
422
330
17
100
AcDbEntity
  8
F6_TRAZAS_MUESTREO
100
AcDbVertex
100
AcDb3dPolylineVertex
 10
80.5060999999987
 20
47.99170000012964
 30
51.74699999999996
 70
32
  0
VERTEX
  5
423
330
17
100
AcDbEntity
  8
F6_TRAZAS_MUESTREO
100
AcDbVertex
100
AcDb3dPolylineVertex
 10
82.48060000000987
 20
47.594800000078976
 30
51.84699999999998
 70
32
  0
VERTEX
  5
424
330
17
100
AcDbEntity
  8
F6_TRAZAS_MUESTREO
100
AcDbVertex
100
AcDb3dPolylineVertex
 10
84.4375
 20
46.97939999960363
 30
51.84699999999998
 70
32
  0
VERTEX
  5
425
330
17
100
AcDbEntity
  8
F6_TRAZAS_MUESTREO
100
AcDbVertex
100
AcDb3dPolylineVertex
 10
86.33539999998175
 20
45.63229999970645
 30
51.84699999999998
 70
32
  0
VERTEX
  5
426
330
17
100
AcDbEntity
  8
F6_TRAZAS_MUESTREO
100
AcDbVertex
100
AcDb3dPolylineVertex
 10
88.32799999997951
 20
45.460199999623
 30
51.84699999999998
 70
32
  0
VERTEX
  5
427
330
17
100
AcDbEntity
  8
F6_TRAZAS_MUESTREO
100
AcDbVertex
100
AcDb3dPolylineVertex
 10
90.32699999993201
 20
45.36629999987781
 30
51.84699999999998
 70
32
  0
VERTEX
  5
428
330
17
100
AcDbEntity
  8
F6_TRAZAS_MUESTREO
100
AcDbVertex
100
AcDb3dPolylineVertex
 10
93.43209999997634
 20
44.96459999959916
 30
51.84699999999998
 70
32
  0
VERTEX
  5
429
330
17
100
AcDbEntity
  8
F6_TRAZAS_MUESTREO
100
AcDbVertex
100
AcDb3dPolylineVertex
 10
95.44149999995716
 20
44.74899999983609
 30
51.84699999999998
 70
32
  0
VERTEX
  5
42A
330
17
100
AcDbEntity
  8
F6_TRAZAS_MUESTREO
100
AcDbVertex
100
AcDb3dPolylineVertex
 10
97.34789999993518
 20
44.342299999669194
 30
51.84699999999998
 70
32
  0
VERTEX
  5
42B
330
17
100
AcDbEntity
  8
F6_TRAZAS_MUESTREO
100
AcDbVertex
100
AcDb3dPolylineVertex
 10
99.36159999994561
 20
44.29229999985546
 30
51.84699999999998
 70
32
  0
VERTEX
  5
42C
330
17
100
AcDbEntity
  8
F6_TRAZAS_MUESTREO
100
AcDbVertex
100
AcDb3dPolylineVertex
 10
101.35800000000745
 20
44.323200000450015
 30
51.84699999999998
 70
32
  0
VERTEX
  5
42D
330
17
100
AcDbEntity
  8
F6_TRAZAS_MUESTREO
100
AcDbVertex
100
AcDb3dPolylineVertex
 10
103.33259999996517
 20
44.57270000036806
 30
51.84699999999998
 70
32
  0
VERTEX
  5
42E
330
17
100
AcDbEntity
  8
F6_TRAZAS_MUESTREO
100
AcDbVertex
100
AcDb3dPolylineVertex
 10
105.34109999996144
 20
44.52599999960512
 30
51.84699999999998
 70
32
  0
VERTEX
  5
42F
330
17
100
AcDbEntity
  8
F6_TRAZAS_MUESTREO
100
AcDbVertex
100
AcDb3dPolylineVertex
 10
107.08779999997932
 20
44.053000000305474
 30
51.84699999999998
 70
32
  0
VERTEX
  5
430
330
17
100
AcDbEntity
  8
F6_TRAZAS_MUESTREO
100
AcDbVertex
100
AcDb3dPolylineVertex
 10
108.95439999992959
 20
43.637799999676645
 30
51.84699999999998
 70
32
  0
VERTEX
  5
431
330
17
100
AcDbEntity
  8
F6_TRAZAS_MUESTREO
100
AcDbVertex
100
AcDb3dPolylineVertex
 10
110.97279999998864
 20
43.50719999987632
 30
51.84699999999998
 70
32
  0
VERTEX
  5
432
330
17
100
AcDbEntity
  8
F6_TRAZAS_MUESTREO
100
AcDbVertex
100
AcDb3dPolylineVertex
 10
112.93859999999404
 20
43.14039999991655
 30
51.84699999999998
 70
32
  0
VERTEX
  5
433
330
17
100
AcDbEntity
  8
F6_TRAZAS_MUESTREO
100
AcDbVertex
100
AcDb3dPolylineVertex
 10
114.82589999993797
 20
42.6304999999702
 30
51.84699999999998
 70
32
  0
VERTEX
  5
434
330
17
100
AcDbEntity
  8
F6_TRAZAS_MUESTREO
100
AcDbVertex
100
AcDb3dPolylineVertex
 10
116.63549999997485
 20
41.96250000037253
 30
51.84699999999998
 70
32
  0
VERTEX
  5
435
330
17
100
AcDbEntity
  8
F6_TRAZAS_MUESTREO
100
AcDbVertex
100
AcDb3dPolylineVertex
 10
117.73899999994319
 20
40.317800000309944
 30
51.84699999999998
 70
32
  0
VERTEX
  5
436
330
17
100
AcDbEntity
  8
F6_TRAZAS_MUESTREO
100
AcDbVertex
100
AcDb3dPolylineVertex
 10
122.12780000001658
 20
35.533800000324845
 30
51.79699999999991
 70
32
  0
SEQEND
  5
400
330
3FF
100
AcDbEntity
  8
F6_TRAZAS_MUESTREO
  0
TEXT
  5
437
330
17
100
AcDbEntity
  8
F6_ETIQUETAS
100
AcDbText
 10
11.216316417674534
 20
52.52306155394763
 30
51.84699999999998
 40
0.45
  1
GA9950_Z900_0
 11
11.216316417674534
 21
52.52306155394763
 31
51.84699999999998
100
AcDbText
  0
POLYLINE
  5
438
330
17
100
AcDbEntity
  8
F6_TRAZAS_MUESTREO
100
AcDb3dPolyline
 66
1
 10
0.0
 20
0.0
 30
0.0
 70
8
  0
VERTEX
  5
43A
330
17
100
AcDbEntity
  8
F6_TRAZAS_MUESTREO
100
AcDbVertex
100
AcDb3dPolylineVertex
 10
144.50520000001416
 20
35.59979999996722
 30
51.79699999999991
 70
32
  0
VERTEX
  5
43B
330
17
100
AcDbEntity
  8
F6_TRAZAS_MUESTREO
100
AcDbVertex
100
AcDb3dPolylineVertex
 10
146.3275999999605
 20
35.05009999964386
 30
51.79699999999991
 70
32
  0
VERTEX
  5
43C
330
17
100
AcDbEntity
  8
F6_TRAZAS_MUESTREO
100
AcDbVertex
100
AcDb3dPolylineVertex
 10
148.11069999996107
 20
34.404799999669194
 30
51.79699999999991
 70
32
  0
VERTEX
  5
43D
330
17
100
AcDbEntity
  8
F6_TRAZAS_MUESTREO
100
AcDbVertex
100
AcDb3dPolylineVertex
 10
149.97879999992438
 20
34.69570000004023
 30
51.79699999999991
 70
32
  0
VERTEX
  5
43E
330
17
100
AcDbEntity
  8
F6_TRAZAS_MUESTREO
100
AcDbVertex
100
AcDb3dPolylineVertex
 10
151.86060000001453
 20
34.774400000460446
 30
51.79699999999991
 70
32
  0
VERTEX
  5
43F
330
17
100
AcDbEntity
  8
F6_TRAZAS_MUESTREO
100
AcDbVertex
100
AcDb3dPolylineVertex
 10
153.74989999993704
 20
34.71459999959916
 30
51.79699999999991
 70
32
  0
VERTEX
  5
440
330
17
100
AcDbEntity
  8
F6_TRAZAS_MUESTREO
100
AcDbVertex
100
AcDb3dPolylineVertex
 10
155.62879999994766
 20
34.55929999984801
 30
51.79699999999991
 70
32
  0
VERTEX
  5
441
330
17
100
AcDbEntity
  8
F6_TRAZAS_MUESTREO
100
AcDbVertex
100
AcDb3dPolylineVertex
 10
157.49529999995138
 20
34.23699999973178
 30
51.79699999999991
 70
32
  0
VERTEX
  5
442
330
17
100
AcDbEntity
  8
F6_TRAZAS_MUESTREO
100
AcDbVertex
100
AcDb3dPolylineVertex
 10
159.37839999992866
 20
34.017099999822676
 30
51.79699999999991
 70
32
  0
VERTEX
  5
443
330
17
100
AcDbEntity
  8
F6_TRAZAS_MUESTREO
100
AcDbVertex
100
AcDb3dPolylineVertex
 10
161.19439999992028
 20
33.51009999960661
 30
51.79699999999991
 70
32
  0
VERTEX
  5
444
330
17
100
AcDbEntity
  8
F6_TRAZAS_MUESTREO
100
AcDbVertex
100
AcDb3dPolylineVertex
 10
163.0174999999581
 20
33.01049999985844
 30
51.79699999999991
 70
32
  0
VERTEX
  5
445
330
17
100
AcDbEntity
  8
F6_TRAZAS_MUESTREO
100
AcDbVertex
100
AcDb3dPolylineVertex
 10
164.88219999999274
 20
32.691300000064075
 30
51.79699999999991
 70
32
  0
VERTEX
  5
446
330
17
100
AcDbEntity
  8
F6_TRAZAS_MUESTREO
100
AcDbVertex
100
AcDb3dPolylineVertex
 10
166.62069999997038
 20
31.971300000324845
 30
51.79699999999991
 70
32
  0
VERTEX
  5
447
330
17
100
AcDbEntity
  8
F6_TRAZAS_MUESTREO
100
AcDbVertex
100
AcDb3dPolylineVertex
 10
168.40700000000652
 20
31.310399999842048
 30
51.79699999999991
 70
32
  0
VERTEX
  5
448
330
17
100
AcDbEntity
  8
F6_TRAZAS_MUESTREO
100
AcDbVertex
100
AcDb3dPolylineVertex
 10
170.30929999996442
 20
31.23049999959767
 30
51.79699999999991
 70
32
  0
VERTEX
  5
449
330
17
100
AcDbEntity
  8
F6_TRAZAS_MUESTREO
100
AcDbVertex
100
AcDb3dPolylineVertex
 10
172.1931999999797
 20
31.13729999959469
 30
51.79699999999991
 70
32
  0
VERTEX
  5
44A
330
17
100
AcDbEntity
  8
F6_TRAZAS_MUESTREO
100
AcDbVertex
100
AcDb3dPolylineVertex
 10
174.0677999999607
 20
30.992999999783933
 30
51.79699999999991
 70
32
  0
VERTEX
  5
44B
330
17
100
AcDbEntity
  8
F6_TRAZAS_MUESTREO
100
AcDbVertex
100
AcDb3dPolylineVertex
 10
175.936299999943
 20
30.802500000223517
 30
51.79699999999991
 70
32
  0
VERTEX
  5
44C
330
17
100
AcDbEntity
  8
F6_TRAZAS_MUESTREO
100
AcDbVertex
100
AcDb3dPolylineVertex
 10
177.6927999999607
 20
30.10840000025928
 30
51.79699999999991
 70
32
  0
SEQEND
  5
439
330
438
100
AcDbEntity
  8
F6_TRAZAS_MUESTREO
  0
TEXT
  5
44D
330
17
100
AcDbEntity
  8
F6_ETIQUETAS
100
AcDbText
 10
144.50520000001416
 20
35.59979999996722
 30
51.79699999999991
 40
0.45
  1
GA9950_Z900_1
 11
144.50520000001416
 21
35.59979999996722
 31
51.79699999999991
100
AcDbText
  0
POLYLINE
  5
44E
330
17
100
AcDbEntity
  8
F6_TRAZAS_MUESTREO
100
AcDb3dPolyline
 66
1
 10
0.0
 20
0.0
 30
0.0
 70
8
  0
VERTEX
  5
450
330
17
100
AcDbEntity
  8
F6_TRAZAS_MUESTREO
100
AcDbVertex
100
AcDb3dPolylineVertex
 10
246.91599999996834
 20
19.603900000452995
 30
11.047599999999989
 70
32
  0
VERTEX
  5
451
330
17
100
AcDbEntity
  8
F6_TRAZAS_MUESTREO
100
AcDbVertex
100
AcDb3dPolylineVertex
 10
252.8177999999607
 20
19.004200000315905
 30
11.09579999999994
 70
32
  0
VERTEX
  5
452
330
17
100
AcDbEntity
  8
F6_TRAZAS_MUESTREO
100
AcDbVertex
100
AcDb3dPolylineVertex
 10
254.81319999997504
 20
18.86739999987185
 30
11.09579999999994
 70
32
  0
SEQEND
  5
44F
330
44E
100
AcDbEntity
  8
F6_TRAZAS_MUESTREO
  0
TEXT
  5
453
330
17
100
AcDbEntity
  8
F6_ETIQUETAS
100
AcDbText
 10
246.91599999996834
 20
19.603900000452995
 30
11.047599999999989
 40
0.45
  1
SN-304E_Z860_0
 11
246.91599999996834
 21
19.603900000452995
 31
11.047599999999989
100
AcDbText
  0
POLYLINE
  5
454
330
17
100
AcDbEntity
  8
F6_TRAZAS_MUESTREO
100
AcDb3dPolyline
 66
1
 10
0.0
 20
0.0
 30
0.0
 70
8
  0
VERTEX
  5
456
330
17
100
AcDbEntity
  8
F6_TRAZAS_MUESTREO
100
AcDbVertex
100
AcDb3dPolylineVertex
 10
197.25740000000224
 20
26.568800000473857
 30
11.494899999999916
 70
32
  0
VERTEX
  5
457
330
17
100
AcDbEntity
  8
F6_TRAZAS_MUESTREO
100
AcDbVertex
100
AcDb3dPolylineVertex
 10
199.07199999992736
 20
25.727800000458956
 30
11.494899999999916
 70
32
  0
VERTEX
  5
458
330
17
100
AcDbEntity
  8
F6_TRAZAS_MUESTREO
100
AcDbVertex
100
AcDb3dPolylineVertex
 10
201.02879999997094
 20
25.31400000024587
 30
11.190200000000004
 70
32
  0
SEQEND
  5
455
330
454
100
AcDbEntity
  8
F6_TRAZAS_MUESTREO
  0
TEXT
  5
459
330
17
100
AcDbEntity
  8
F6_ETIQUETAS
100
AcDbText
 10
197.25740000000224
 20
26.568800000473857
 30
11.494899999999916
 40
0.45
  1
SN-304W_Z860_0
 11
197.25740000000224
 21
26.568800000473857
 31
11.494899999999916
100
AcDbText
  0
POLYLINE
  5
45A
330
17
100
AcDbEntity
  8
F6_TRAZAS_MUESTREO
100
AcDb3dPolyline
 66
1
 10
0.0
 20
0.0
 30
0.0
 70
8
  0
VERTEX
  5
45C
330
17
100
AcDbEntity
  8
F6_TRAZAS_MUESTREO
100
AcDbVertex
100
AcDb3dPolylineVertex
 10
14.594700000016019
 20
48.32589999958873
 30
58.0098999999999
 70
32
  0
VERTEX
  5
45D
330
17
100
AcDbEntity
  8
F6_TRAZAS_MUESTREO
100
AcDbVertex
100
AcDb3dPolylineVertex
 10
16.586000000010245
 20
48.15110000036657
 30
58.0098999999999
 70
32
  0
SEQEND
  5
45B
330
45A
100
AcDbEntity
  8
F6_TRAZAS_MUESTREO
  0
TEXT
  5
45E
330
17
100
AcDbEntity
  8
F6_ETIQUETAS
100
AcDbText
 10
14.594700000016019
 20
48.32589999958873
 30
58.0098999999999
 40
0.45
  1
SN060_Z905_0
 11
14.594700000016019
 21
48.32589999958873
 31
58.0098999999999
100
AcDbText
  0
POLYLINE
  5
45F
330
17
100
AcDbEntity
  8
F6_TRAZAS_MUESTREO
100
AcDb3dPolyline
 66
1
 10
0.0
 20
0.0
 30
0.0
 70
8
  0
VERTEX
  5
461
330
17
100
AcDbEntity
  8
F6_TRAZAS_MUESTREO
100
AcDbVertex
100
AcDb3dPolylineVertex
 10
1.9201999999349937
 20
52.121600000187755
 30
109.24699999999996
 70
32
  0
VERTEX
  5
462
330
17
100
AcDbEntity
  8
F6_TRAZAS_MUESTREO
100
AcDbVertex
100
AcDb3dPolylineVertex
 10
3.8402999999234453
 20
51.561999999918044
 30
109.24699999999996
 70
32
  0
VERTEX
  5
463
330
17
100
AcDbEntity
  8
F6_TRAZAS_MUESTREO
100
AcDbVertex
100
AcDb3dPolylineVertex
 10
5.756399999954738
 20
50.988599999807775
 30
109.24699999999996
 70
32
  0
VERTEX
  5
464
330
17
100
AcDbEntity
  8
F6_TRAZAS_MUESTREO
100
AcDbVertex
100
AcDb3dPolylineVertex
 10
7.675700000021607
 20
50.4281000001356
 30
109.24699999999996
 70
32
  0
VERTEX
  5
465
330
17
100
AcDbEntity
  8
F6_TRAZAS_MUESTREO
100
AcDbVertex
100
AcDb3dPolylineVertex
 10
9.630000000004657
 20
50.00300000049174
 30
109.24699999999996
 70
32
  0
VERTEX
  5
466
330
17
100
AcDbEntity
  8
F6_TRAZAS_MUESTREO
100
AcDbVertex
100
AcDb3dPolylineVertex
 10
11.572799999965355
 20
49.53859999962151
 30
109.24699999999996
 70
32
  0
VERTEX
  5
467
330
17
100
AcDbEntity
  8
F6_TRAZAS_MUESTREO
100
AcDbVertex
100
AcDb3dPolylineVertex
 10
13.449799999943934
 20
48.84790000040084
 30
109.24699999999996
 70
32
  0
SEQEND
  5
460
330
45F
100
AcDbEntity
  8
F6_TRAZAS_MUESTREO
  0
TEXT
  5
468
330
17
100
AcDbEntity
  8
F6_ETIQUETAS
100
AcDbText
 10
1.9201999999349937
 20
52.121600000187755
 30
109.24699999999996
 40
0.45
  1
SN060_Z960_0
 11
1.9201999999349937
 21
52.121600000187755
 31
109.24699999999996
100
AcDbText
  0
POLYLINE
  5
469
330
17
100
AcDbEntity
  8
F6_TRAZAS_MUESTREO
100
AcDb3dPolyline
 66
1
 10
0.0
 20
0.0
 30
0.0
 70
8
  0
VERTEX
  5
46B
330
17
100
AcDbEntity
  8
F6_TRAZAS_MUESTREO
100
AcDbVertex
100
AcDb3dPolylineVertex
 10
24.803799999994226
 20
54.043600000441074
 30
57.05939999999998
 70
32
  0
VERTEX
  5
46C
330
17
100
AcDbEntity
  8
F6_TRAZAS_MUESTREO
100
AcDbVertex
100
AcDb3dPolylineVertex
 10
26.807700000004843
 20
54.18769999966025
 30
57.04289999999992
 70
32
  0
VERTEX
  5
46D
330
17
100
AcDbEntity
  8
F6_TRAZAS_MUESTREO
100
AcDbVertex
100
AcDb3dPolylineVertex
 10
28.697799999965355
 20
54.02560000028461
 30
57.098499999999945
 70
32
  0
VERTEX
  5
46E
330
17
100
AcDbEntity
  8
F6_TRAZAS_MUESTREO
100
AcDbVertex
100
AcDb3dPolylineVertex
 10
30.91279999993276
 20
53.82510000001639
 30
56.851299999999924
 70
32
  0
VERTEX
  5
46F
330
17
100
AcDbEntity
  8
F6_TRAZAS_MUESTREO
100
AcDbVertex
100
AcDb3dPolylineVertex
 10
32.89839999994729
 20
53.43730000033975
 30
56.851299999999924
 70
32
  0
VERTEX
  5
470
330
17
100
AcDbEntity
  8
F6_TRAZAS_MUESTREO
100
AcDbVertex
100
AcDb3dPolylineVertex
 10
34.852599999983795
 20
53.081799999810755
 30
56.51109999999994
 70
32
  0
VERTEX
  5
471
330
17
100
AcDbEntity
  8
F6_TRAZAS_MUESTREO
100
AcDbVertex
100
AcDb3dPolylineVertex
 10
37.69059999997262
 20
52.73170000035316
 30
55.995399999999904
 70
32
  0
VERTEX
  5
472
330
17
100
AcDbEntity
  8
F6_TRAZAS_MUESTREO
100
AcDbVertex
100
AcDb3dPolylineVertex
 10
41.29629999992903
 20
52.1288999998942
 30
56.789999999999964
 70
32
  0
VERTEX
  5
473
330
17
100
AcDbEntity
  8
F6_TRAZAS_MUESTREO
100
AcDbVertex
100
AcDb3dPolylineVertex
 10
47.35809999995399
 20
50.142099999822676
 30
56.46289999999999
 70
32
  0
SEQEND
  5
46A
330
469
100
AcDbEntity
  8
F6_TRAZAS_MUESTREO
  0
TEXT
  5
474
330
17
100
AcDbEntity
  8
F6_ETIQUETAS
100
AcDbText
 10
24.803799999994226
 20
54.043600000441074
 30
57.05939999999998
 40
0.45
  1
SN103_Z905_0
 11
24.803799999994226
 21
54.043600000441074
 31
57.05939999999998
100
AcDbText
  0
POLYLINE
  5
475
330
17
100
AcDbEntity
  8
F6_TRAZAS_MUESTREO
100
AcDb3dPolyline
 66
1
 10
0.0
 20
0.0
 30
0.0
 70
8
  0
VERTEX
  5
477
330
17
100
AcDbEntity
  8
F6_TRAZAS_MUESTREO
100
AcDbVertex
100
AcDb3dPolylineVertex
 10
60.79839999997057
 20
49.71490000002086
 30
56.945499999999925
 70
32
  0
VERTEX
  5
478
330
17
100
AcDbEntity
  8
F6_TRAZAS_MUESTREO
100
AcDbVertex
100
AcDb3dPolylineVertex
 10
62.79449999995995
 20
49.58990000002086
 30
56.945499999999925
 70
32
  0
VERTEX
  5
479
330
17
100
AcDbEntity
  8
F6_TRAZAS_MUESTREO
100
AcDbVertex
100
AcDb3dPolylineVertex
 10
64.96149999997579
 20
49.410199999809265
 30
56.945499999999925
 70
32
  0
VERTEX
  5
47A
330
17
100
AcDbEntity
  8
F6_TRAZAS_MUESTREO
100
AcDbVertex
100
AcDb3dPolylineVertex
 10
66.94900000002235
 20
49.213700000196695
 30
56.019199999999955
 70
32
  0
VERTEX
  5
47B
330
17
100
AcDbEntity
  8
F6_TRAZAS_MUESTREO
100
AcDbVertex
100
AcDb3dPolylineVertex
 10
69.34970000002068
 20
49.384200000204146
 30
56.019199999999955
 70
32
  0
VERTEX
  5
47C
330
17
100
AcDbEntity
  8
F6_TRAZAS_MUESTREO
100
AcDbVertex
100
AcDb3dPolylineVertex
 10
71.55400000000373
 20
48.93020000029355
 30
56.019199999999955
 70
32
  0
VERTEX
  5
47D
330
17
100
AcDbEntity
  8
F6_TRAZAS_MUESTREO
100
AcDbVertex
100
AcDb3dPolylineVertex
 10
74.82149999996182
 20
48.50619999971241
 30
55.625
 70
32
  0
VERTEX
  5
47E
330
17
100
AcDbEntity
  8
F6_TRAZAS_MUESTREO
100
AcDbVertex
100
AcDb3dPolylineVertex
 10
76.69310000003316
 20
47.76439999975264
 30
55.625
 70
32
  0
VERTEX
  5
47F
330
17
100
AcDbEntity
  8
F6_TRAZAS_MUESTREO
100
AcDbVertex
100
AcDb3dPolylineVertex
 10
78.88240000000224
 20
47.52630000002682
 30
55.625
 70
32
  0
VERTEX
  5
480
330
17
100
AcDbEntity
  8
F6_TRAZAS_MUESTREO
100
AcDbVertex
100
AcDb3dPolylineVertex
 10
81.98710000002757
 20
47.103799999691546
 30
55.303
 70
32
  0
VERTEX
  5
481
330
17
100
AcDbEntity
  8
F6_TRAZAS_MUESTREO
100
AcDbVertex
100
AcDb3dPolylineVertex
 10
83.97430000000168
 20
46.87800000049174
 30
55.21639999999991
 70
32
  0
VERTEX
  5
482
330
17
100
AcDbEntity
  8
F6_TRAZAS_MUESTREO
100
AcDbVertex
100
AcDb3dPolylineVertex
 10
85.70389999996405
 20
45.897699999623
 30
55.553
 70
32
  0
VERTEX
  5
483
330
17
100
AcDbEntity
  8
F6_TRAZAS_MUESTREO
100
AcDbVertex
100
AcDb3dPolylineVertex
 10
87.40720000001602
 20
44.85879999957979
 30
55.450399999999945
 70
32
  0
VERTEX
  5
484
330
17
100
AcDbEntity
  8
F6_TRAZAS_MUESTREO
100
AcDbVertex
100
AcDb3dPolylineVertex
 10
89.32140000001527
 20
44.36079999990761
 30
55.62189999999998
 70
32
  0
VERTEX
  5
485
330
17
100
AcDbEntity
  8
F6_TRAZAS_MUESTREO
100
AcDbVertex
100
AcDb3dPolylineVertex
 10
91.32140000001527
 20
44.36079999990761
 30
55.865099999999984
 70
32
  0
VERTEX
  5
486
330
17
100
AcDbEntity
  8
F6_TRAZAS_MUESTREO
100
AcDbVertex
100
AcDb3dPolylineVertex
 10
93.31810000003316
 20
44.25729999970645
 30
55.78120000000001
 70
32
  0
VERTEX
  5
487
330
17
100
AcDbEntity
  8
F6_TRAZAS_MUESTREO
100
AcDbVertex
100
AcDb3dPolylineVertex
 10
95.31409999995958
 20
44.13009999971837
 30
55.65199999999993
 70
32
  0
VERTEX
  5
488
330
17
100
AcDbEntity
  8
F6_TRAZAS_MUESTREO
100
AcDbVertex
100
AcDb3dPolylineVertex
 10
97.30589999991935
 20
44.20230000000447
 30
55.67199999999991
 70
32
  0
VERTEX
  5
489
330
17
100
AcDbEntity
  8
F6_TRAZAS_MUESTREO
100
AcDbVertex
100
AcDb3dPolylineVertex
 10
99.29940000001807
 20
44.309100000187755
 30
55.826799999999935
 70
32
  0
VERTEX
  5
48A
330
17
100
AcDbEntity
  8
F6_TRAZAS_MUESTREO
100
AcDbVertex
100
AcDb3dPolylineVertex
 10
101.29920000000857
 20
44.279099999926984
 30
55.92999999999995
 70
32
  0
SEQEND
  5
476
330
475
100
AcDbEntity
  8
F6_TRAZAS_MUESTREO
  0
TEXT
  5
48B
330
17
100
AcDbEntity
  8
F6_ETIQUETAS
100
AcDbText
 10
60.79839999997057
 20
49.71490000002086
 30
56.945499999999925
 40
0.45
  1
SN147_Z905_0
 11
60.79839999997057
 21
49.71490000002086
 31
56.945499999999925
100
AcDbText
  0
POLYLINE
  5
48C
330
17
100
AcDbEntity
  8
F6_TRAZAS_MUESTREO
100
AcDb3dPolyline
 66
1
 10
0.0
 20
0.0
 30
0.0
 70
8
  0
VERTEX
  5
48E
330
17
100
AcDbEntity
  8
F6_TRAZAS_MUESTREO
100
AcDbVertex
100
AcDb3dPolylineVertex
 10
88.39299999992363
 20
34.59499999973923
 30
77.33699999999999
 70
32
  0
VERTEX
  5
48F
330
17
100
AcDbEntity
  8
F6_TRAZAS_MUESTREO
100
AcDbVertex
100
AcDb3dPolylineVertex
 10
90.39299999992363
 20
34.59499999973923
 30
77.33699999999999
 70
32
  0
VERTEX
  5
490
330
17
100
AcDbEntity
  8
F6_TRAZAS_MUESTREO
100
AcDbVertex
100
AcDb3dPolylineVertex
 10
92.38699999998789
 20
34.74600000027567
 30
77.33699999999999
 70
32
  0
VERTEX
  5
491
330
17
100
AcDbEntity
  8
F6_TRAZAS_MUESTREO
100
AcDbVertex
100
AcDb3dPolylineVertex
 10
94.38300000003073
 20
34.62999999988824
 30
77.33699999999999
 70
32
  0
VERTEX
  5
492
330
17
100
AcDbEntity
  8
F6_TRAZAS_MUESTREO
100
AcDbVertex
100
AcDb3dPolylineVertex
 10
96.37899999995716
 20
34.50800000037998
 30
77.33699999999999
 70
32
  0
VERTEX
  5
493
330
17
100
AcDbEntity
  8
F6_TRAZAS_MUESTREO
100
AcDbVertex
100
AcDb3dPolylineVertex
 10
98.375
 20
34.49600000027567
 30
77.33699999999999
 70
32
  0
VERTEX
  5
494
330
17
100
AcDbEntity
  8
F6_TRAZAS_MUESTREO
100
AcDbVertex
100
AcDb3dPolylineVertex
 10
100.36699999996927
 20
34.66799999959767
 30
77.33699999999999
 70
32
  0
VERTEX
  5
495
330
17
100
AcDbEntity
  8
F6_TRAZAS_MUESTREO
100
AcDbVertex
100
AcDb3dPolylineVertex
 10
102.3519999999553
 20
34.87800000049174
 30
77.33600000000001
 70
32
  0
VERTEX
  5
496
330
17
100
AcDbEntity
  8
F6_TRAZAS_MUESTREO
100
AcDbVertex
100
AcDb3dPolylineVertex
 10
104.34999999997672
 20
34.838000000454485
 30
77.29699999999991
 70
32
  0
VERTEX
  5
497
330
17
100
AcDbEntity
  8
F6_TRAZAS_MUESTREO
100
AcDbVertex
100
AcDb3dPolylineVertex
 10
106.32999999995809
 20
34.55599999986589
 30
77.22699999999998
 70
32
  0
VERTEX
  5
498
330
17
100
AcDbEntity
  8
F6_TRAZAS_MUESTREO
100
AcDbVertex
100
AcDb3dPolylineVertex
 10
108.30999999993946
 20
34.274000000208616
 30
77.15699999999993
 70
32
  0
VERTEX
  5
499
330
17
100
AcDbEntity
  8
F6_TRAZAS_MUESTREO
100
AcDbVertex
100
AcDb3dPolylineVertex
 10
110.28999999992084
 20
33.99299999978393
 30
77.08699999999999
 70
32
  0
VERTEX
  5
49A
330
17
100
AcDbEntity
  8
F6_TRAZAS_MUESTREO
100
AcDbVertex
100
AcDb3dPolylineVertex
 10
112.25699999998324
 20
33.63200000021607
 30
77.01799999999992
 70
32
  0
VERTEX
  5
49B
330
17
100
AcDbEntity
  8
F6_TRAZAS_MUESTREO
100
AcDbVertex
100
AcDb3dPolylineVertex
 10
114.22199999995064
 20
33.26200000010431
 30
76.94899999999996
 70
32
  0
VERTEX
  5
49C
330
17
100
AcDbEntity
  8
F6_TRAZAS_MUESTREO
100
AcDbVertex
100
AcDb3dPolylineVertex
 10
116.2149999999674
 20
33.186999999918044
 30
76.88099999999997
 70
32
  0
VERTEX
  5
49D
330
17
100
AcDbEntity
  8
F6_TRAZAS_MUESTREO
100
AcDbVertex
100
AcDb3dPolylineVertex
 10
118.2149999999674
 20
33.186999999918044
 30
76.74799999999993
 70
32
  0
VERTEX
  5
49E
330
17
100
AcDbEntity
  8
F6_TRAZAS_MUESTREO
100
AcDbVertex
100
AcDb3dPolylineVertex
 10
120.2149999999674
 20
33.186999999918044
 30
76.56899999999996
 70
32
  0
VERTEX
  5
49F
330
17
100
AcDbEntity
  8
F6_TRAZAS_MUESTREO
100
AcDbVertex
100
AcDb3dPolylineVertex
 10
122.2149999999674
 20
33.186999999918044
 30
76.20499999999993
 70
32
  0
VERTEX
  5
4A0
330
17
100
AcDbEntity
  8
F6_TRAZAS_MUESTREO
100
AcDbVertex
100
AcDb3dPolylineVertex
 10
124.2149999999674
 20
33.16500000003725
 30
76.20499999999993
 70
32
  0
VERTEX
  5
4A1
330
17
100
AcDbEntity
  8
F6_TRAZAS_MUESTREO
100
AcDbVertex
100
AcDb3dPolylineVertex
 10
126.2139999999199
 20
33.178000000305474
 30
76.20499999999993
 70
32
  0
VERTEX
  5
4A2
330
17
100
AcDbEntity
  8
F6_TRAZAS_MUESTREO
100
AcDbVertex
100
AcDb3dPolylineVertex
 10
128.18599999998696
 20
33.50300000049174
 30
76.10699999999997
 70
32
  0
SEQEND
  5
48D
330
48C
100
AcDbEntity
  8
F6_TRAZAS_MUESTREO
  0
TEXT
  5
4A3
330
17
100
AcDbEntity
  8
F6_ETIQUETAS
100
AcDbText
 10
88.39299999992363
 20
34.59499999973923
 30
77.33699999999999
 40
0.45
  1
SN195_Z925_0
 11
88.39299999992363
 21
34.59499999973923
 31
77.33699999999999
100
AcDbText
  0
POLYLINE
  5
4A4
330
17
100
AcDbEntity
  8
F6_TRAZAS_MUESTREO
100
AcDb3dPolyline
 66
1
 10
0.0
 20
0.0
 30
0.0
 70
8
  0
VERTEX
  5
4A6
330
17
100
AcDbEntity
  8
F6_TRAZAS_MUESTREO
100
AcDbVertex
100
AcDb3dPolylineVertex
 10
217.52610000001732
 20
24.88190000038594
 30
11.09579999999994
 70
32
  0
VERTEX
  5
4A7
330
17
100
AcDbEntity
  8
F6_TRAZAS_MUESTREO
100
AcDbVertex
100
AcDb3dPolylineVertex
 10
219.5097999999998
 20
24.700299999676645
 30
11.09579999999994
 70
32
  0
VERTEX
  5
4A8
330
17
100
AcDbEntity
  8
F6_TRAZAS_MUESTREO
100
AcDbVertex
100
AcDb3dPolylineVertex
 10
221.50769999995828
 20
24.831899999640882
 30
11.09579999999994
 70
32
  0
VERTEX
  5
4A9
330
17
100
AcDbEntity
  8
F6_TRAZAS_MUESTREO
100
AcDbVertex
100
AcDb3dPolylineVertex
 10
223.45429999998305
 20
24.671099999919534
 30
11.09579999999994
 70
32
  0
VERTEX
  5
4AA
330
17
100
AcDbEntity
  8
F6_TRAZAS_MUESTREO
100
AcDbVertex
100
AcDb3dPolylineVertex
 10
227.43920000002254
 20
24.074199999682605
 30
11.09579999999994
 70
32
  0
VERTEX
  5
4AB
330
17
100
AcDbEntity
  8
F6_TRAZAS_MUESTREO
100
AcDbVertex
100
AcDb3dPolylineVertex
 10
231.37320000003092
 20
23.355999999679625
 30
11.09579999999994
 70
32
  0
VERTEX
  5
4AC
330
17
100
AcDbEntity
  8
F6_TRAZAS_MUESTREO
100
AcDbVertex
100
AcDb3dPolylineVertex
 10
233.33750000002328
 20
22.981700000353158
 30
11.09579999999994
 70
32
  0
VERTEX
  5
4AD
330
17
100
AcDbEntity
  8
F6_TRAZAS_MUESTREO
100
AcDbVertex
100
AcDb3dPolylineVertex
 10
235.3229000000283
 20
22.745799999684095
 30
11.09579999999994
 70
32
  0
VERTEX
  5
4AE
330
17
100
AcDbEntity
  8
F6_TRAZAS_MUESTREO
100
AcDbVertex
100
AcDb3dPolylineVertex
 10
237.52209999994375
 20
22.78110000025481
 30
11.09579999999994
 70
32
  0
VERTEX
  5
4AF
330
17
100
AcDbEntity
  8
F6_TRAZAS_MUESTREO
100
AcDbVertex
100
AcDb3dPolylineVertex
 10
239.52090000000317
 20
22.71750000026077
 30
11.09579999999994
 70
32
  0
VERTEX
  5
4B0
330
17
100
AcDbEntity
  8
F6_TRAZAS_MUESTREO
100
AcDbVertex
100
AcDb3dPolylineVertex
 10
241.38419999997132
 20
22.00899999961257
 30
11.09579999999994
 70
32
  0
VERTEX
  5
4B1
330
17
100
AcDbEntity
  8
F6_TRAZAS_MUESTREO
100
AcDbVertex
100
AcDb3dPolylineVertex
 10
242.66310000000522
 20
20.503200000151992
 30
11.09579999999994
 70
32
  0
VERTEX
  5
4B2
330
17
100
AcDbEntity
  8
F6_TRAZAS_MUESTREO
100
AcDbVertex
100
AcDb3dPolylineVertex
 10
244.35800000000745
 20
19.674100000411272
 30
11.09579999999994
 70
32
  0
SEQEND
  5
4A5
330
4A4
100
AcDbEntity
  8
F6_TRAZAS_MUESTREO
  0
TEXT
  5
4B3
330
17
100
AcDbEntity
  8
F6_ETIQUETAS
100
AcDbText
 10
217.52610000001732
 20
24.88190000038594
 30
11.09579999999994
 40
0.45
  1
SN304_Z860_0
 11
217.52610000001732
 21
24.88190000038594
 31
11.09579999999994
100
AcDbText
  0
POLYLINE
  5
4B4
330
17
100
AcDbEntity
  8
F6_TRAZAS_MUESTREO
100
AcDb3dPolyline
 66
1
 10
0.0
 20
0.0
 30
0.0
 70
8
  0
VERTEX
  5
4B6
330
17
100
AcDbEntity
  8
F6_TRAZAS_MUESTREO
100
AcDbVertex
100
AcDb3dPolylineVertex
 10
202.67765541002154
 20
25.769269480369985
 30
11.190239959999985
 70
32
  0
VERTEX
  5
4B7
330
17
100
AcDbEntity
  8
F6_TRAZAS_MUESTREO
100
AcDbVertex
100
AcDb3dPolylineVertex
 10
204.46238829998765
 20
25.672290969640017
 30
11.190239959999985
 70
32
  0
VERTEX
  5
4B8
330
17
100
AcDbEntity
  8
F6_TRAZAS_MUESTREO
100
AcDbVertex
100
AcDb3dPolylineVertex
 10
206.4467935699504
 20
26.00908020976931
 30
11.190239959999985
 70
32
  0
VERTEX
  5
4B9
330
17
100
AcDbEntity
  8
F6_TRAZAS_MUESTREO
100
AcDbVertex
100
AcDb3dPolylineVertex
 10
208.32793946994934
 20
26.294828670099378
 30
11.175313249999931
 70
32
  0
VERTEX
  5
4BA
330
17
100
AcDbEntity
  8
F6_TRAZAS_MUESTREO
100
AcDbVertex
100
AcDb3dPolylineVertex
 10
210.31382615992334
 20
25.92171906027943
 30
11.142827109999985
 70
32
  0
VERTEX
  5
4BB
330
17
100
AcDbEntity
  8
F6_TRAZAS_MUESTREO
100
AcDbVertex
100
AcDb3dPolylineVertex
 10
212.22321555996314
 20
25.36422611027956
 30
11.105633669999975
 70
32
  0
VERTEX
  5
4BC
330
17
100
AcDbEntity
  8
F6_TRAZAS_MUESTREO
100
AcDbVertex
100
AcDb3dPolylineVertex
 10
214.21708660002332
 20
25.29149517044425
 30
11.043972139999937
 70
32
  0
VERTEX
  5
4BD
330
17
100
AcDbEntity
  8
F6_TRAZAS_MUESTREO
100
AcDbVertex
100
AcDb3dPolylineVertex
 10
216.0769391199574
 20
25.25137470010668
 30
10.97486927
 70
32
  0
VERTEX
  5
4BE
330
17
100
AcDbEntity
  8
F6_TRAZAS_MUESTREO
100
AcDbVertex
100
AcDb3dPolylineVertex
 10
216.18426810996607
 20
25.539671749807894
 30
10.974164789999918
 70
32
  0
SEQEND
  5
4B5
330
4B4
100
AcDbEntity
  8
F6_TRAZAS_MUESTREO
  0
TEXT
  5
4BF
330
17
100
AcDbEntity
  8
F6_ETIQUETAS
100
AcDbText
 10
202.67765541002154
 20
25.769269480369985
 30
11.190239959999985
 40
0.45
  1
SN304W_Z860_0
 11
202.67765541002154
 21
25.769269480369985
 31
11.190239959999985
100
AcDbText
  0
POLYLINE
  5
4C0
330
17
100
AcDbEntity
  8
F6_TRAZAS_MUESTREO
100
AcDb3dPolyline
 66
1
 10
0.0
 20
0.0
 30
0.0
 70
8
  0
VERTEX
  5
4C2
330
17
100
AcDbEntity
  8
F6_TRAZAS_MUESTREO
100
AcDbVertex
100
AcDb3dPolylineVertex
 10
184.77308452001307
 20
18.371690340340137
 30
80.39017710999997
 70
32
  0
VERTEX
  5
4C3
330
17
100
AcDbEntity
  8
F6_TRAZAS_MUESTREO
100
AcDbVertex
100
AcDb3dPolylineVertex
 10
186.70525351993274
 20
17.898805749602616
 30
80.39017710999997
 70
32
  0
VERTEX
  5
4C4
330
17
100
AcDbEntity
  8
F6_TRAZAS_MUESTREO
100
AcDbVertex
100
AcDb3dPolylineVertex
 10
188.56858433003072
 20
17.44276881031692
 30
80.39017710999997
 70
32
  0
VERTEX
  5
4C5
330
17
100
AcDbEntity
  8
F6_TRAZAS_MUESTREO
100
AcDbVertex
100
AcDb3dPolylineVertex
 10
190.5258601399837
 20
16.829443220049143
 30
80.39017710999997
 70
32
  0
VERTEX
  5
4C6
330
17
100
AcDbEntity
  8
F6_TRAZAS_MUESTREO
100
AcDbVertex
100
AcDb3dPolylineVertex
 10
192.46727699995972
 20
16.833984290249646
 30
80.39017710999997
 70
32
  0
VERTEX
  5
4C7
330
17
100
AcDbEntity
  8
F6_TRAZAS_MUESTREO
100
AcDbVertex
100
AcDb3dPolylineVertex
 10
194.55193320999388
 20
16.61434544995427
 30
80.39017710999997
 70
32
  0
VERTEX
  5
4C8
330
17
100
AcDbEntity
  8
F6_TRAZAS_MUESTREO
100
AcDbVertex
100
AcDb3dPolylineVertex
 10
196.65626721002627
 20
16.71346857957542
 30
80.39017710999997
 70
32
  0
VERTEX
  5
4C9
330
17
100
AcDbEntity
  8
F6_TRAZAS_MUESTREO
100
AcDbVertex
100
AcDb3dPolylineVertex
 10
196.65626721002627
 20
16.71346857957542
 30
83.19653406999998
 70
32
  0
VERTEX
  5
4CA
330
17
100
AcDbEntity
  8
F6_TRAZAS_MUESTREO
100
AcDbVertex
100
AcDb3dPolylineVertex
 10
198.6526709999889
 20
16.75952162966132
 30
80.39017710999997
 70
32
  0
VERTEX
  5
4CB
330
17
100
AcDbEntity
  8
F6_TRAZAS_MUESTREO
100
AcDbVertex
100
AcDb3dPolylineVertex
 10
198.6526709999889
 20
16.75952162966132
 30
83.19653406999998
 70
32
  0
VERTEX
  5
4CC
330
17
100
AcDbEntity
  8
F6_TRAZAS_MUESTREO
100
AcDbVertex
100
AcDb3dPolylineVertex
 10
200.27193971001543
 20
16.979376980103552
 30
80.39017710999997
 70
32
  0
VERTEX
  5
4CD
330
17
100
AcDbEntity
  8
F6_TRAZAS_MUESTREO
100
AcDbVertex
100
AcDb3dPolylineVertex
 10
200.27193971001543
 20
16.979376980103552
 30
83.19653406999998
 70
32
  0
VERTEX
  5
4CE
330
17
100
AcDbEntity
  8
F6_TRAZAS_MUESTREO
100
AcDbVertex
100
AcDb3dPolylineVertex
 10
202.303314890014
 20
16.934685019776225
 30
80.39017710999997
 70
32
  0
VERTEX
  5
4CF
330
17
100
AcDbEntity
  8
F6_TRAZAS_MUESTREO
100
AcDbVertex
100
AcDb3dPolylineVertex
 10
202.303314890014
 20
16.934685019776225
 30
83.19653406999998
 70
32
  0
VERTEX
  5
4D0
330
17
100
AcDbEntity
  8
F6_TRAZAS_MUESTREO
100
AcDbVertex
100
AcDb3dPolylineVertex
 10
204.52652185002808
 20
17.012948400340974
 30
80.39017710999997
 70
32
  0
VERTEX
  5
4D1
330
17
100
AcDbEntity
  8
F6_TRAZAS_MUESTREO
100
AcDbVertex
100
AcDb3dPolylineVertex
 10
204.52652185002808
 20
17.012948400340974
 30
83.19653406999998
 70
32
  0
VERTEX
  5
4D2
330
17
100
AcDbEntity
  8
F6_TRAZAS_MUESTREO
100
AcDbVertex
100
AcDb3dPolylineVertex
 10
206.479117579991
 20
17.041776590049267
 30
80.39017710999997
 70
32
  0
VERTEX
  5
4D3
330
17
100
AcDbEntity
  8
F6_TRAZAS_MUESTREO
100
AcDbVertex
100
AcDb3dPolylineVertex
 10
206.479117579991
 20
17.041776590049267
 30
83.19653406999998
 70
32
  0
VERTEX
  5
4D4
330
17
100
AcDbEntity
  8
F6_TRAZAS_MUESTREO
100
AcDbVertex
100
AcDb3dPolylineVertex
 10
208.38295271003153
 20
16.85336131043732
 30
80.39017710999997
 70
32
  0
VERTEX
  5
4D5
330
17
100
AcDbEntity
  8
F6_TRAZAS_MUESTREO
100
AcDbVertex
100
AcDb3dPolylineVertex
 10
208.38295271003153
 20
16.85336131043732
 30
83.19653406999998
 70
32
  0
SEQEND
  5
4C1
330
4C0
100
AcDbEntity
  8
F6_TRAZAS_MUESTREO
  0
TEXT
  5
4D6
330
17
100
AcDbEntity
  8
F6_ETIQUETAS
100
AcDbText
 10
184.77308452001307
 20
18.371690340340137
 30
80.39017710999997
 40
0.45
  1
TJ0279_Z930_0
 11
184.77308452001307
 21
18.371690340340137
 31
80.39017710999997
100
AcDbText
  0
POLYLINE
  5
4D7
330
17
100
AcDbEntity
  8
F6_TRAZAS_MUESTREO
100
AcDb3dPolyline
 66
1
 10
0.0
 20
0.0
 30
0.0
 70
8
  0
VERTEX
  5
4D9
330
17
100
AcDbEntity
  8
F6_TRAZAS_MUESTREO
100
AcDbVertex
100
AcDb3dPolylineVertex
 10
184.77308452001307
 20
18.371690340340137
 30
84.45912624999994
 70
32
  0
VERTEX
  5
4DA
330
17
100
AcDbEntity
  8
F6_TRAZAS_MUESTREO
100
AcDbVertex
100
AcDb3dPolylineVertex
 10
186.70525351993274
 20
17.898805749602616
 30
84.45912624999994
 70
32
  0
VERTEX
  5
4DB
330
17
100
AcDbEntity
  8
F6_TRAZAS_MUESTREO
100
AcDbVertex
100
AcDb3dPolylineVertex
 10
188.56858433003072
 20
17.44276881031692
 30
84.45912624999994
 70
32
  0
VERTEX
  5
4DC
330
17
100
AcDbEntity
  8
F6_TRAZAS_MUESTREO
100
AcDbVertex
100
AcDb3dPolylineVertex
 10
190.5258601399837
 20
16.829443220049143
 30
84.45912624999994
 70
32
  0
VERTEX
  5
4DD
330
17
100
AcDbEntity
  8
F6_TRAZAS_MUESTREO
100
AcDbVertex
100
AcDb3dPolylineVertex
 10
192.46727699995972
 20
16.833984290249646
 30
84.45912624999994
 70
32
  0
VERTEX
  5
4DE
330
17
100
AcDbEntity
  8
F6_TRAZAS_MUESTREO
100
AcDbVertex
100
AcDb3dPolylineVertex
 10
194.55193320999388
 20
16.61434544995427
 30
84.45912624999994
 70
32
  0
SEQEND
  5
4D8
330
4D7
100
AcDbEntity
  8
F6_TRAZAS_MUESTREO
  0
TEXT
  5
4DF
330
17
100
AcDbEntity
  8
F6_ETIQUETAS
100
AcDbText
 10
184.77308452001307
 20
18.371690340340137
 30
84.45912624999994
 40
0.45
  1
TJ0279_Z935_0
 11
184.77308452001307
 21
18.371690340340137
 31
84.45912624999994
100
AcDbText
  0
POLYLINE
  5
4E0
330
17
100
AcDbEntity
  8
F6_TRAZAS_MUESTREO
100
AcDb3dPolyline
 66
1
 10
0.0
 20
0.0
 30
0.0
 70
8
  0
VERTEX
  5
4E2
330
17
100
AcDbEntity
  8
F6_TRAZAS_MUESTREO
100
AcDbVertex
100
AcDb3dPolylineVertex
 10
213.57681134995073
 20
16.27727985009551
 30
84.27016185999992
 70
32
  0
VERTEX
  5
4E3
330
17
100
AcDbEntity
  8
F6_TRAZAS_MUESTREO
100
AcDbVertex
100
AcDb3dPolylineVertex
 10
213.57681134995073
 20
16.27727985009551
 30
85.97229115999994
 70
32
  0
VERTEX
  5
4E4
330
17
100
AcDbEntity
  8
F6_TRAZAS_MUESTREO
100
AcDbVertex
100
AcDb3dPolylineVertex
 10
215.6154546199832
 20
16.353971740230918
 30
84.27016185999992
 70
32
  0
VERTEX
  5
4E5
330
17
100
AcDbEntity
  8
F6_TRAZAS_MUESTREO
100
AcDbVertex
100
AcDb3dPolylineVertex
 10
215.6154546199832
 20
16.353971740230918
 30
85.97229115999994
 70
32
  0
VERTEX
  5
4E6
330
17
100
AcDbEntity
  8
F6_TRAZAS_MUESTREO
100
AcDbVertex
100
AcDb3dPolylineVertex
 10
217.53055618994404
 20
16.39336314983666
 30
84.27016185999992
 70
32
  0
VERTEX
  5
4E7
330
17
100
AcDbEntity
  8
F6_TRAZAS_MUESTREO
100
AcDbVertex
100
AcDb3dPolylineVertex
 10
217.53055618994404
 20
16.39336314983666
 30
85.97229115999994
 70
32
  0
VERTEX
  5
4E8
330
17
100
AcDbEntity
  8
F6_TRAZAS_MUESTREO
100
AcDbVertex
100
AcDb3dPolylineVertex
 10
219.4243575599976
 20
15.654856899753213
 30
84.27016185999992
 70
32
  0
VERTEX
  5
4E9
330
17
100
AcDbEntity
  8
F6_TRAZAS_MUESTREO
100
AcDbVertex
100
AcDb3dPolylineVertex
 10
219.4243575599976
 20
15.654856899753213
 30
85.97229115999994
 70
32
  0
VERTEX
  5
4EA
330
17
100
AcDbEntity
  8
F6_TRAZAS_MUESTREO
100
AcDbVertex
100
AcDb3dPolylineVertex
 10
221.49929375993088
 20
15.369591570459306
 30
84.27016185999992
 70
32
  0
VERTEX
  5
4EB
330
17
100
AcDbEntity
  8
F6_TRAZAS_MUESTREO
100
AcDbVertex
100
AcDb3dPolylineVertex
 10
221.49929375993088
 20
15.369591570459306
 30
85.97229115999994
 70
32
  0
VERTEX
  5
4EC
330
17
100
AcDbEntity
  8
F6_TRAZAS_MUESTREO
100
AcDbVertex
100
AcDb3dPolylineVertex
 10
223.2245855500223
 20
14.85223693959415
 30
84.27016185999992
 70
32
  0
VERTEX
  5
4ED
330
17
100
AcDbEntity
  8
F6_TRAZAS_MUESTREO
100
AcDbVertex
100
AcDb3dPolylineVertex
 10
223.2245855500223
 20
14.85223693959415
 30
85.97229115999994
 70
32
  0
VERTEX
  5
4EE
330
17
100
AcDbEntity
  8
F6_TRAZAS_MUESTREO
100
AcDbVertex
100
AcDb3dPolylineVertex
 10
225.23419376998208
 20
15.13000997994095
 30
84.27016185999992
 70
32
  0
VERTEX
  5
4EF
330
17
100
AcDbEntity
  8
F6_TRAZAS_MUESTREO
100
AcDbVertex
100
AcDb3dPolylineVertex
 10
225.23419376998208
 20
15.13000997994095
 30
85.97229115999994
 70
32
  0
VERTEX
  5
4F0
330
17
100
AcDbEntity
  8
F6_TRAZAS_MUESTREO
100
AcDbVertex
100
AcDb3dPolylineVertex
 10
227.22626238001976
 20
14.902717269957066
 30
84.27016185999992
 70
32
  0
VERTEX
  5
4F1
330
17
100
AcDbEntity
  8
F6_TRAZAS_MUESTREO
100
AcDbVertex
100
AcDb3dPolylineVertex
 10
227.22626238001976
 20
14.902717269957066
 30
85.97229115999994
 70
32
  0
VERTEX
  5
4F2
330
17
100
AcDbEntity
  8
F6_TRAZAS_MUESTREO
100
AcDbVertex
100
AcDb3dPolylineVertex
 10
229.6056067799218
 20
14.7414526399225
 30
84.27016185999992
 70
32
  0
VERTEX
  5
4F3
330
17
100
AcDbEntity
  8
F6_TRAZAS_MUESTREO
100
AcDbVertex
100
AcDb3dPolylineVertex
 10
229.6056067799218
 20
14.7414526399225
 30
85.97229115999994
 70
32
  0
VERTEX
  5
4F4
330
17
100
AcDbEntity
  8
F6_TRAZAS_MUESTREO
100
AcDbVertex
100
AcDb3dPolylineVertex
 10
231.42000615992583
 20
14.65389281976968
 30
84.27016185999992
 70
32
  0
VERTEX
  5
4F5
330
17
100
AcDbEntity
  8
F6_TRAZAS_MUESTREO
100
AcDbVertex
100
AcDb3dPolylineVertex
 10
231.42000615992583
 20
14.65389281976968
 30
85.97229115999994
 70
32
  0
VERTEX
  5
4F6
330
17
100
AcDbEntity
  8
F6_TRAZAS_MUESTREO
100
AcDbVertex
100
AcDb3dPolylineVertex
 10
233.43386425997596
 20
14.569520279765129
 30
84.27016185999992
 70
32
  0
VERTEX
  5
4F7
330
17
100
AcDbEntity
  8
F6_TRAZAS_MUESTREO
100
AcDbVertex
100
AcDb3dPolylineVertex
 10
233.43386425997596
 20
14.569520279765129
 30
85.97229115999994
 70
32
  0
VERTEX
  5
4F8
330
17
100
AcDbEntity
  8
F6_TRAZAS_MUESTREO
100
AcDbVertex
100
AcDb3dPolylineVertex
 10
235.3584810399916
 20
14.667303510010242
 30
84.27016185999992
 70
32
  0
VERTEX
  5
4F9
330
17
100
AcDbEntity
  8
F6_TRAZAS_MUESTREO
100
AcDbVertex
100
AcDb3dPolylineVertex
 10
235.3584810399916
 20
14.667303510010242
 30
85.97229115999994
 70
32
  0
VERTEX
  5
4FA
330
17
100
AcDbEntity
  8
F6_TRAZAS_MUESTREO
100
AcDbVertex
100
AcDb3dPolylineVertex
 10
237.37644372996874
 20
14.816250430420041
 30
84.27016185999992
 70
32
  0
VERTEX
  5
4FB
330
17
100
AcDbEntity
  8
F6_TRAZAS_MUESTREO
100
AcDbVertex
100
AcDb3dPolylineVertex
 10
237.37644372996874
 20
14.816250430420041
 30
85.97229115999994
 70
32
  0
VERTEX
  5
4FC
330
17
100
AcDbEntity
  8
F6_TRAZAS_MUESTREO
100
AcDbVertex
100
AcDb3dPolylineVertex
 10
239.41731019993313
 20
14.71877321973443
 30
84.27016185999992
 70
32
  0
VERTEX
  5
4FD
330
17
100
AcDbEntity
  8
F6_TRAZAS_MUESTREO
100
AcDbVertex
100
AcDb3dPolylineVertex
 10
239.41731019993313
 20
14.71877321973443
 30
85.97229115999994
 70
32
  0
VERTEX
  5
4FE
330
17
100
AcDbEntity
  8
F6_TRAZAS_MUESTREO
100
AcDbVertex
100
AcDb3dPolylineVertex
 10
241.34046579001006
 20
14.683374130167067
 30
84.27016185999992
 70
32
  0
VERTEX
  5
4FF
330
17
100
AcDbEntity
  8
F6_TRAZAS_MUESTREO
100
AcDbVertex
100
AcDb3dPolylineVertex
 10
241.34046579001006
 20
14.683374130167067
 30
85.97229115999994
 70
32
  0
SEQEND
  5
4E1
330
4E0
100
AcDbEntity
  8
F6_TRAZAS_MUESTREO
  0
TEXT
  5
500
330
17
100
AcDbEntity
  8
F6_ETIQUETAS
100
AcDbText
 10
213.57681134995073
 20
16.27727985009551
 30
84.27016185999992
 40
0.45
  1
TJ0279_Z935_1
 11
213.57681134995073
 21
16.27727985009551
 31
84.27016185999992
100
AcDbText
  0
POLYLINE
  5
501
330
17
100
AcDbEntity
  8
F6_TRAZAS_MUESTREO
100
AcDb3dPolyline
 66
1
 10
0.0
 20
0.0
 30
0.0
 70
8
  0
VERTEX
  5
503
330
17
100
AcDbEntity
  8
F6_TRAZAS_MUESTREO
100
AcDbVertex
100
AcDb3dPolylineVertex
 10
191.3059999999823
 20
18.356999999843538
 30
91.46499999999992
 70
32
  0
VERTEX
  5
504
330
17
100
AcDbEntity
  8
F6_TRAZAS_MUESTREO
100
AcDbVertex
100
AcDb3dPolylineVertex
 10
195.2949999999255
 20
18.09499999973923
 30
91.57399999999996
 70
32
  0
VERTEX
  5
505
330
17
100
AcDbEntity
  8
F6_TRAZAS_MUESTREO
100
AcDbVertex
100
AcDb3dPolylineVertex
 10
197.28799999994226
 20
17.924999999813735
 30
91.67699999999991
 70
32
  0
VERTEX
  5
506
330
17
100
AcDbEntity
  8
F6_TRAZAS_MUESTREO
100
AcDbVertex
100
AcDb3dPolylineVertex
 10
199.2839999999851
 20
17.940999999642372
 30
91.78099999999995
 70
32
  0
VERTEX
  5
507
330
17
100
AcDbEntity
  8
F6_TRAZAS_MUESTREO
100
AcDbVertex
100
AcDb3dPolylineVertex
 10
201.28200000000652
 20
18.03000000026077
 30
91.98699999999997
 70
32
  0
VERTEX
  5
508
330
17
100
AcDbEntity
  8
F6_TRAZAS_MUESTREO
100
AcDbVertex
100
AcDb3dPolylineVertex
 10
203.28099999995902
 20
18.09499999973923
 30
91.98699999999997
 70
32
  0
VERTEX
  5
509
330
17
100
AcDbEntity
  8
F6_TRAZAS_MUESTREO
100
AcDbVertex
100
AcDb3dPolylineVertex
 10
205.27599999995437
 20
17.998999999836087
 30
92.09499999999991
 70
32
  0
VERTEX
  5
50A
330
17
100
AcDbEntity
  8
F6_TRAZAS_MUESTREO
100
AcDbVertex
100
AcDb3dPolylineVertex
 10
207.27599999995437
 20
17.99199999962002
 30
92.19899999999996
 70
32
  0
SEQEND
  5
502
330
501
100
AcDbEntity
  8
F6_TRAZAS_MUESTREO
  0
TEXT
  5
50B
330
17
100
AcDbEntity
  8
F6_ETIQUETAS
100
AcDbText
 10
191.3059999999823
 20
18.356999999843538
 30
91.46499999999992
 40
0.45
  1
TJ0279_Z940_0
 11
191.3059999999823
 21
18.356999999843538
 31
91.46499999999992
100
AcDbText
  0
POLYLINE
  5
50C
330
17
100
AcDbEntity
  8
F6_TRAZAS_MUESTREO
100
AcDb3dPolyline
 66
1
 10
0.0
 20
0.0
 30
0.0
 70
8
  0
VERTEX
  5
50E
330
17
100
AcDbEntity
  8
F6_TRAZAS_MUESTREO
100
AcDbVertex
100
AcDb3dPolylineVertex
 10
37.35719633998815
 20
52.29344537016004
 30
60.70540822999999
 70
32
  0
VERTEX
  5
50F
330
17
100
AcDbEntity
  8
F6_TRAZAS_MUESTREO
100
AcDbVertex
100
AcDb3dPolylineVertex
 10
39.247705599991605
 20
51.641674970276654
 30
60.70540822999999
 70
32
  0
VERTEX
  5
510
330
17
100
AcDbEntity
  8
F6_TRAZAS_MUESTREO
100
AcDbVertex
100
AcDb3dPolylineVertex
 10
41.17618682002649
 20
51.13116534985602
 30
60.70540822999999
 70
32
  0
VERTEX
  5
511
330
17
100
AcDbEntity
  8
F6_TRAZAS_MUESTREO
100
AcDbVertex
100
AcDb3dPolylineVertex
 10
43.14157532993704
 20
50.77542440965772
 30
60.70540822999999
 70
32
  0
VERTEX
  5
512
330
17
100
AcDbEntity
  8
F6_TRAZAS_MUESTREO
100
AcDbVertex
100
AcDb3dPolylineVertex
 10
49.13818064995576
 20
50.582580329850316
 30
60.70540822999999
 70
32
  0
VERTEX
  5
513
330
17
100
AcDbEntity
  8
F6_TRAZAS_MUESTREO
100
AcDbVertex
100
AcDb3dPolylineVertex
 10
51.137108749942854
 20
50.51710931956768
 30
60.70540822999999
 70
32
  0
VERTEX
  5
514
330
17
100
AcDbEntity
  8
F6_TRAZAS_MUESTREO
100
AcDbVertex
100
AcDb3dPolylineVertex
 10
53.13241915998515
 20
50.42702335957438
 30
60.70540822999999
 70
32
  0
VERTEX
  5
515
330
17
100
AcDbEntity
  8
F6_TRAZAS_MUESTREO
100
AcDbVertex
100
AcDb3dPolylineVertex
 10
55.01156096998602
 20
49.74231463018805
 30
60.70540822999999
 70
32
  0
VERTEX
  5
516
330
17
100
AcDbEntity
  8
F6_TRAZAS_MUESTREO
100
AcDbVertex
100
AcDb3dPolylineVertex
 10
56.88976145000197
 20
49.054158699698746
 30
60.70540822999999
 70
32
  0
VERTEX
  5
517
330
17
100
AcDbEntity
  8
F6_TRAZAS_MUESTREO
100
AcDbVertex
100
AcDb3dPolylineVertex
 10
58.768903260002844
 20
48.36944997031242
 30
60.70540822999999
 70
32
  0
SEQEND
  5
50D
330
50C
100
AcDbEntity
  8
F6_TRAZAS_MUESTREO
  0
TEXT
  5
518
330
17
100
AcDbEntity
  8
F6_ETIQUETAS
100
AcDbText
 10
37.35719633998815
 20
52.29344537016004
 30
60.70540822999999
 40
0.45
  1
TJ103_Z910_0
 11
37.35719633998815
 21
52.29344537016004
 31
60.70540822999999
100
AcDbText
  0
POLYLINE
  5
519
330
17
100
AcDbEntity
  8
F6_TRAZAS_MUESTREO
100
AcDb3dPolyline
 66
1
 10
0.0
 20
0.0
 30
0.0
 70
8
  0
VERTEX
  5
51B
330
17
100
AcDbEntity
  8
F6_TRAZAS_MUESTREO
100
AcDbVertex
100
AcDb3dPolylineVertex
 10
61.01136897993274
 20
47.676937909796834
 30
63.82161428999996
 70
32
  0
VERTEX
  5
51C
330
17
100
AcDbEntity
  8
F6_TRAZAS_MUESTREO
100
AcDbVertex
100
AcDb3dPolylineVertex
 10
62.92117106996011
 20
47.083089450374246
 30
63.82161428999996
 70
32
  0
VERTEX
  5
51D
330
17
100
AcDbEntity
  8
F6_TRAZAS_MUESTREO
100
AcDbVertex
100
AcDb3dPolylineVertex
 10
64.89328981994186
 20
46.774201639927924
 30
63.82161428999996
 70
32
  0
VERTEX
  5
51E
330
17
100
AcDbEntity
  8
F6_TRAZAS_MUESTREO
100
AcDbVertex
100
AcDb3dPolylineVertex
 10
66.89810719992965
 20
46.51388810016215
 30
63.82161428999996
 70
32
  0
VERTEX
  5
51F
330
17
100
AcDbEntity
  8
F6_TRAZAS_MUESTREO
100
AcDbVertex
100
AcDb3dPolylineVertex
 10
68.85999133996665
 20
46.25914919003844
 30
63.82161428999996
 70
32
  0
VERTEX
  5
520
330
17
100
AcDbEntity
  8
F6_TRAZAS_MUESTREO
100
AcDbVertex
100
AcDb3dPolylineVertex
 10
70.84191709000152
 20
45.99203892983496
 30
63.82161428999996
 70
32
  0
VERTEX
  5
521
330
17
100
AcDbEntity
  8
F6_TRAZAS_MUESTREO
100
AcDbVertex
100
AcDb3dPolylineVertex
 10
74.79467456997372
 20
45.39586803968996
 30
63.82161428999996
 70
32
  0
VERTEX
  5
522
330
17
100
AcDbEntity
  8
F6_TRAZAS_MUESTREO
100
AcDbVertex
100
AcDb3dPolylineVertex
 10
76.78944586997386
 20
45.251343039795756
 30
63.82161428999996
 70
32
  0
VERTEX
  5
523
330
17
100
AcDbEntity
  8
F6_TRAZAS_MUESTREO
100
AcDbVertex
100
AcDb3dPolylineVertex
 10
78.784217169974
 20
45.1068180501461
 30
63.82161428999996
 70
32
  0
SEQEND
  5
51A
330
519
100
AcDbEntity
  8
F6_TRAZAS_MUESTREO
  0
TEXT
  5
524
330
17
100
AcDbEntity
  8
F6_ETIQUETAS
100
AcDbText
 10
61.01136897993274
 20
47.676937909796834
 30
63.82161428999996
 40
0.45
  1
TJ147_Z910_0
 11
61.01136897993274
 21
47.676937909796834
 31
63.82161428999996
100
AcDbText
  0
POLYLINE
  5
525
330
17
100
AcDbEntity
  8
F6_TRAZAS_MUESTREO
100
AcDb3dPolyline
 66
1
 10
0.0
 20
0.0
 30
0.0
 70
8
  0
VERTEX
  5
527
330
17
100
AcDbEntity
  8
F6_TRAZAS_MUESTREO
100
AcDbVertex
100
AcDb3dPolylineVertex
 10
81.28191149001941
 20
44.75128006003797
 30
65.03597692999995
 70
32
  0
VERTEX
  5
528
330
17
100
AcDbEntity
  8
F6_TRAZAS_MUESTREO
100
AcDbVertex
100
AcDb3dPolylineVertex
 10
83.24740702996496
 20
44.366842470131814
 30
65.03597692999995
 70
32
  0
VERTEX
  5
529
330
17
100
AcDbEntity
  8
F6_TRAZAS_MUESTREO
100
AcDbVertex
100
AcDb3dPolylineVertex
 10
85.12882789992727
 20
43.725288569927216
 30
65.03597692999995
 70
32
  0
VERTEX
  5
52A
330
17
100
AcDbEntity
  8
F6_TRAZAS_MUESTREO
100
AcDbVertex
100
AcDb3dPolylineVertex
 10
86.95482927002013
 20
42.90937251970172
 30
65.03597692999995
 70
32
  0
VERTEX
  5
52B
330
17
100
AcDbEntity
  8
F6_TRAZAS_MUESTREO
100
AcDbVertex
100
AcDb3dPolylineVertex
 10
88.79176685994025
 20
42.1379910800606
 30
65.03597692999995
 70
32
  0
VERTEX
  5
52C
330
17
100
AcDbEntity
  8
F6_TRAZAS_MUESTREO
100
AcDbVertex
100
AcDb3dPolylineVertex
 10
90.78799962997437
 20
42.015293249860406
 30
65.03597692999995
 70
32
  0
VERTEX
  5
52D
330
17
100
AcDbEntity
  8
F6_TRAZAS_MUESTREO
100
AcDbVertex
100
AcDb3dPolylineVertex
 10
92.78423238999676
 20
41.89259541966021
 30
65.03597692999995
 70
32
  0
SEQEND
  5
526
330
525
100
AcDbEntity
  8
F6_TRAZAS_MUESTREO
  0
TEXT
  5
52E
330
17
100
AcDbEntity
  8
F6_ETIQUETAS
100
AcDbText
 10
81.28191149001941
 20
44.75128006003797
 30
65.03597692999995
 40
0.45
  1
TJ147_Z915_0
 11
81.28191149001941
 21
44.75128006003797
 31
65.03597692999995
100
AcDbText
  0
POLYLINE
  5
52F
330
17
100
AcDbEntity
  8
F6_TRAZAS_MUESTREO
100
AcDb3dPolyline
 66
1
 10
0.0
 20
0.0
 30
0.0
 70
8
  0
VERTEX
  5
531
330
17
100
AcDbEntity
  8
F6_TRAZAS_MUESTREO
100
AcDbVertex
100
AcDb3dPolylineVertex
 10
100.69252551998943
 20
42.07545320969075
 30
65.05458534999991
 70
32
  0
VERTEX
  5
532
330
17
100
AcDbEntity
  8
F6_TRAZAS_MUESTREO
100
AcDbVertex
100
AcDb3dPolylineVertex
 10
102.6923033199273
 20
42.105265060439706
 30
65.05458534999991
 70
32
  0
VERTEX
  5
533
330
17
100
AcDbEntity
  8
F6_TRAZAS_MUESTREO
100
AcDbVertex
100
AcDb3dPolylineVertex
 10
104.69234493002295
 20
42.148771749809384
 30
65.05458534999991
 70
32
  0
VERTEX
  5
534
330
17
100
AcDbEntity
  8
F6_TRAZAS_MUESTREO
100
AcDbVertex
100
AcDb3dPolylineVertex
 10
106.60046920995228
 20
41.640933570452034
 30
65.05458534999991
 70
32
  0
SEQEND
  5
530
330
52F
100
AcDbEntity
  8
F6_TRAZAS_MUESTREO
  0
TEXT
  5
535
330
17
100
AcDbEntity
  8
F6_ETIQUETAS
100
AcDbText
 10
100.69252551998943
 20
42.07545320969075
 30
65.05458534999991
 40
0.45
  1
TJ180_Z915_0
 11
100.69252551998943
 21
42.07545320969075
 31
65.05458534999991
100
AcDbText
  0
POLYLINE
  5
536
330
17
100
AcDbEntity
  8
F6_TRAZAS_MUESTREO
100
AcDb3dPolyline
 66
1
 10
0.0
 20
0.0
 30
0.0
 70
8
  0
VERTEX
  5
538
330
17
100
AcDbEntity
  8
F6_TRAZAS_MUESTREO
100
AcDbVertex
100
AcDb3dPolylineVertex
 10
139.37099999992643
 20
32.75700000021607
 30
75.81399999999996
 70
32
  0
VERTEX
  5
539
330
17
100
AcDbEntity
  8
F6_TRAZAS_MUESTREO
100
AcDbVertex
100
AcDb3dPolylineVertex
 10
141.3619999999646
 20
32.5679999999702
 30
75.81399999999996
 70
32
  0
VERTEX
  5
53A
330
17
100
AcDbEntity
  8
F6_TRAZAS_MUESTREO
100
AcDbVertex
100
AcDb3dPolylineVertex
 10
143.3389999999199
 20
32.28899999987334
 30
75.81399999999996
 70
32
  0
VERTEX
  5
53B
330
17
100
AcDbEntity
  8
F6_TRAZAS_MUESTREO
100
AcDbVertex
100
AcDb3dPolylineVertex
 10
145.28200000000652
 20
31.813000000081956
 30
75.81399999999996
 70
32
  0
VERTEX
  5
53C
330
17
100
AcDbEntity
  8
F6_TRAZAS_MUESTREO
100
AcDbVertex
100
AcDb3dPolylineVertex
 10
147.2399999999907
 20
31.412000000476837
 30
75.49599999999998
 70
32
  0
VERTEX
  5
53D
330
17
100
AcDbEntity
  8
F6_TRAZAS_MUESTREO
100
AcDbVertex
100
AcDb3dPolylineVertex
 10
149.23600000003353
 20
31.32299999985844
 30
75.49599999999998
 70
32
  0
VERTEX
  5
53E
330
17
100
AcDbEntity
  8
F6_TRAZAS_MUESTREO
100
AcDbVertex
100
AcDb3dPolylineVertex
 10
151.22600000002421
 20
31.127000000327826
 30
75.49599999999998
 70
32
  0
VERTEX
  5
53F
330
17
100
AcDbEntity
  8
F6_TRAZAS_MUESTREO
100
AcDbVertex
100
AcDb3dPolylineVertex
 10
153.21899999992456
 20
30.973000000230968
 30
75.49599999999998
 70
32
  0
VERTEX
  5
540
330
17
100
AcDbEntity
  8
F6_TRAZAS_MUESTREO
100
AcDbVertex
100
AcDb3dPolylineVertex
 10
155.21199999994133
 20
30.817999999970198
 30
75.49599999999998
 70
32
  0
VERTEX
  5
541
330
17
100
AcDbEntity
  8
F6_TRAZAS_MUESTREO
100
AcDbVertex
100
AcDb3dPolylineVertex
 10
157.2049999999581
 20
30.65000000037253
 30
76.18999999999994
 70
32
  0
VERTEX
  5
542
330
17
100
AcDbEntity
  8
F6_TRAZAS_MUESTREO
100
AcDbVertex
100
AcDb3dPolylineVertex
 10
159.1929999999702
 20
30.44400000013411
 30
76.18999999999994
 70
32
  0
VERTEX
  5
543
330
17
100
AcDbEntity
  8
F6_TRAZAS_MUESTREO
100
AcDbVertex
100
AcDb3dPolylineVertex
 10
161.1699999999255
 20
30.154000000096858
 30
76.18999999999994
 70
32
  0
VERTEX
  5
544
330
17
100
AcDbEntity
  8
F6_TRAZAS_MUESTREO
100
AcDbVertex
100
AcDb3dPolylineVertex
 10
165.14899999997579
 20
29.80599999986589
 30
76.18999999999994
 70
32
  0
VERTEX
  5
545
330
17
100
AcDbEntity
  8
F6_TRAZAS_MUESTREO
100
AcDbVertex
100
AcDb3dPolylineVertex
 10
167.14199999999255
 20
29.683000000193715
 30
76.18999999999994
 70
32
  0
VERTEX
  5
546
330
17
100
AcDbEntity
  8
F6_TRAZAS_MUESTREO
100
AcDbVertex
100
AcDb3dPolylineVertex
 10
169.1350000000093
 20
29.531000000424683
 30
76.18999999999994
 70
32
  0
VERTEX
  5
547
330
17
100
AcDbEntity
  8
F6_TRAZAS_MUESTREO
100
AcDbVertex
100
AcDb3dPolylineVertex
 10
171.12199999997392
 20
29.303000000305474
 30
76.18999999999994
 70
32
  0
VERTEX
  5
548
330
17
100
AcDbEntity
  8
F6_TRAZAS_MUESTREO
100
AcDbVertex
100
AcDb3dPolylineVertex
 10
173.11800000001676
 20
29.16899999976158
 30
77.53599999999994
 70
32
  0
VERTEX
  5
549
330
17
100
AcDbEntity
  8
F6_TRAZAS_MUESTREO
100
AcDbVertex
100
AcDb3dPolylineVertex
 10
175.11699999996927
 20
29.13800000026822
 30
77.53599999999994
 70
32
  0
VERTEX
  5
54A
330
17
100
AcDbEntity
  8
F6_TRAZAS_MUESTREO
100
AcDbVertex
100
AcDb3dPolylineVertex
 10
177.09799999999814
 20
29.06400000024587
 30
77.53599999999994
 70
32
  0
SEQEND
  5
537
330
536
100
AcDbEntity
  8
F6_TRAZAS_MUESTREO
  0
TEXT
  5
54B
330
17
100
AcDbEntity
  8
F6_ETIQUETAS
100
AcDbText
 10
139.37099999992643
 20
32.75700000021607
 30
75.81399999999996
 40
0.45
  1
TJ229_Z925_0
 11
139.37099999992643
 21
32.75700000021607
 31
75.81399999999996
100
AcDbText
  0
POLYLINE
  5
54C
330
17
100
AcDbEntity
  8
F6_TRAZAS_MUESTREO
100
AcDb3dPolyline
 66
1
 10
0.0
 20
0.0
 30
0.0
 70
8
  0
VERTEX
  5
54E
330
17
100
AcDbEntity
  8
F6_TRAZAS_MUESTREO
100
AcDbVertex
100
AcDb3dPolylineVertex
 10
211.62099999992643
 20
17.976999999955297
 30
92.79499999999996
 70
32
  0
VERTEX
  5
54F
330
17
100
AcDbEntity
  8
F6_TRAZAS_MUESTREO
100
AcDbVertex
100
AcDb3dPolylineVertex
 10
213.61899999994785
 20
17.940000000409782
 30
93.4079999999999
 70
32
  0
VERTEX
  5
550
330
17
100
AcDbEntity
  8
F6_TRAZAS_MUESTREO
100
AcDbVertex
100
AcDb3dPolylineVertex
 10
215.60800000000745
 20
17.739000000059605
 30
93.91999999999996
 70
32
  0
VERTEX
  5
551
330
17
100
AcDbEntity
  8
F6_TRAZAS_MUESTREO
100
AcDbVertex
100
AcDb3dPolylineVertex
 10
217.53599999996368
 20
17.218000000342727
 30
94.03899999999999
 70
32
  0
VERTEX
  5
552
330
17
100
AcDbEntity
  8
F6_TRAZAS_MUESTREO
100
AcDbVertex
100
AcDb3dPolylineVertex
 10
219.45100000000093
 20
16.644000000320375
 30
94.14699999999993
 70
32
  0
SEQEND
  5
54D
330
54C
100
AcDbEntity
  8
F6_TRAZAS_MUESTREO
  0
TEXT
  5
553
330
17
100
AcDbEntity
  8
F6_ETIQUETAS
100
AcDbText
 10
211.62099999992643
 20
17.976999999955297
 30
92.79499999999996
 40
0.45
  1
TJ279_Z940_0
 11
211.62099999992643
 21
17.976999999955297
 31
92.79499999999996
100
AcDbText
  0
POLYLINE
  5
554
330
17
100
AcDbEntity
  8
F6_TRAZAS_MUESTREO
100
AcDb3dPolyline
 66
1
 10
0.0
 20
0.0
 30
0.0
 70
8
  0
VERTEX
  5
556
330
17
100
AcDbEntity
  8
F6_TRAZAS_MUESTREO
100
AcDbVertex
100
AcDb3dPolylineVertex
 10
235.2380000000121
 20
14.524000000208616
 30
94.23799999999994
 70
32
  0
VERTEX
  5
557
330
17
100
AcDbEntity
  8
F6_TRAZAS_MUESTREO
100
AcDbVertex
100
AcDb3dPolylineVertex
 10
241.21799999999348
 20
14.08600000012666
 30
93.88199999999995
 70
32
  0
SEQEND
  5
555
330
554
100
AcDbEntity
  8
F6_TRAZAS_MUESTREO
  0
TEXT
  5
558
330
17
100
AcDbEntity
  8
F6_ETIQUETAS
100
AcDbText
 10
235.2380000000121
 20
14.524000000208616
 30
94.23799999999994
 40
0.45
  1
TJ279_Z940_1
 11
235.2380000000121
 21
14.524000000208616
 31
94.23799999999994
100
AcDbText
  0
POLYLINE
  5
559
330
17
100
AcDbEntity
  8
F6_TRAZAS_MUESTREO
100
AcDb3dPolyline
 66
1
 10
0.0
 20
0.0
 30
0.0
 70
8
  0
VERTEX
  5
55B
330
17
100
AcDbEntity
  8
F6_TRAZAS_MUESTREO
100
AcDbVertex
100
AcDb3dPolylineVertex
 10
221.3869999999879
 20
16.15500000026077
 30
94.24699999999996
 70
32
  0
VERTEX
  5
55C
330
17
100
AcDbEntity
  8
F6_TRAZAS_MUESTREO
100
AcDbVertex
100
AcDb3dPolylineVertex
 10
223.35800000000745
 20
15.81400000024587
 30
94.34899999999993
 70
32
  0
VERTEX
  5
55D
330
17
100
AcDbEntity
  8
F6_TRAZAS_MUESTREO
100
AcDbVertex
100
AcDb3dPolylineVertex
 10
225.33299999998417
 20
15.502000000327826
 30
94.447
 70
32
  0
VERTEX
  5
55E
330
17
100
AcDbEntity
  8
F6_TRAZAS_MUESTREO
100
AcDbVertex
100
AcDb3dPolylineVertex
 10
227.32600000000093
 20
15.378999999724329
 30
94.52599999999995
 70
32
  0
VERTEX
  5
55F
330
17
100
AcDbEntity
  8
F6_TRAZAS_MUESTREO
100
AcDbVertex
100
AcDb3dPolylineVertex
 10
229.32099999999627
 20
15.279000000096858
 30
94.44399999999996
 70
32
  0
VERTEX
  5
560
330
17
100
AcDbEntity
  8
F6_TRAZAS_MUESTREO
100
AcDbVertex
100
AcDb3dPolylineVertex
 10
231.27599999995437
 20
14.860000000335276
 30
94.37299999999993
 70
32
  0
VERTEX
  5
561
330
17
100
AcDbEntity
  8
F6_TRAZAS_MUESTREO
100
AcDbVertex
100
AcDb3dPolylineVertex
 10
233.24300000001676
 20
14.50899999961257
 30
94.30499999999995
 70
32
  0
VERTEX
  5
562
330
17
100
AcDbEntity
  8
F6_TRAZAS_MUESTREO
100
AcDbVertex
100
AcDb3dPolylineVertex
 10
237.22399999992922
 20
14.294999999925494
 30
94.29699999999991
 70
32
  0
VERTEX
  5
563
330
17
100
AcDbEntity
  8
F6_TRAZAS_MUESTREO
100
AcDbVertex
100
AcDb3dPolylineVertex
 10
239.21899999992456
 20
14.156999999657273
 30
94.6289999999999
 70
32
  0
SEQEND
  5
55A
330
559
100
AcDbEntity
  8
F6_TRAZAS_MUESTREO
  0
TEXT
  5
564
330
17
100
AcDbEntity
  8
F6_ETIQUETAS
100
AcDbText
 10
221.3869999999879
 20
16.15500000026077
 30
94.24699999999996
 40
0.45
  1
TJ279_Z945_0
 11
221.3869999999879
 21
16.15500000026077
 31
94.24699999999996
100
AcDbText
  0
ENDSEC
  0
SECTION
  2
OBJECTS
  0
DICTIONARY
  5
A
330
0
100
AcDbDictionary
281
1
  3
ACAD_COLOR
350
B
  3
ACAD_GROUP
350
C
  3
ACAD_LAYOUT
350
D
  3
ACAD_MATERIAL
350
E
  3
ACAD_MLEADERSTYLE
350
F
  3
ACAD_MLINESTYLE
350
10
  3
ACAD_PLOTSETTINGS
350
11
  3
ACAD_PLOTSTYLENAME
350
12
  3
ACAD_SCALELIST
350
14
  3
ACAD_TABLESTYLE
350
15
  3
ACAD_VISUALSTYLE
350
16
  3
EZDXF_META
350
2D
  0
DICTIONARY
  5
B
330
A
100
AcDbDictionary
281
1
  0
DICTIONARY
  5
C
330
A
100
AcDbDictionary
281
1
  0
DICTIONARY
  5
D
330
A
100
AcDbDictionary
281
1
  3
Model
350
1A
  3
Layout1
350
1E
  0
DICTIONARY
  5
E
330
A
100
AcDbDictionary
281
1
  3
ByBlock
350
1F
  3
ByLayer
350
20
  3
Global
350
21
  0
DICTIONARY
  5
F
330
A
100
AcDbDictionary
281
1
  3
Standard
350
2C
  0
DICTIONARY
  5
10
330
A
100
AcDbDictionary
281
1
  3
Standard
350
22
  0
DICTIONARY
  5
11
330
A
100
AcDbDictionary
281
1
  0
ACDBDICTIONARYWDFLT
  5
12
330
A
100
AcDbDictionary
281
1
  3
Normal
350
13
100
AcDbDictionaryWithDefault
340
13
  0
ACDBPLACEHOLDER
  5
13
330
12
  0
DICTIONARY
  5
14
330
A
100
AcDbDictionary
281
1
  0
DICTIONARY
  5
15
330
A
100
AcDbDictionary
281
1
  0
DICTIONARY
  5
16
330
A
100
AcDbDictionary
281
1
  0
LAYOUT
  5
1A
330
D
100
AcDbPlotSettings
  1

  4
A3
  6

 40
7.5
 41
20.0
 42
7.5
 43
20.0
 44
420.0
 45
297.0
 46
0.0
 47
0.0
 48
0.0
 49
0.0
140
0.0
141
0.0
142
1.0
143
1.0
 70
1024
 72
1
 73
0
 74
5
  7

 75
16
 76
0
 77
2
 78
300
147
1.0
148
0.0
149
0.0
100
AcDbLayout
  1
Model
 70
1
 71
0
 10
0.0
 20
0.0
 11
420.0
 21
297.0
 12
0.0
 22
0.0
 32
0.0
 14
1e+20
 24
1e+20
 34
1e+20
 15
-1e+20
 25
-1e+20
 35
-1e+20
146
0.0
 13
0.0
 23
0.0
 33
0.0
 16
1.0
 26
0.0
 36
0.0
 17
0.0
 27
1.0
 37
0.0
 76
1
330
17
  0
LAYOUT
  5
1E
330
D
100
AcDbPlotSettings
  1

  4
A3
  6

 40
7.5
 41
20.0
 42
7.5
 43
20.0
 44
420.0
 45
297.0
 46
0.0
 47
0.0
 48
0.0
 49
0.0
140
0.0
141
0.0
142
1.0
143
1.0
 70
0
 72
1
 73
0
 74
5
  7

 75
16
 76
0
 77
2
 78
300
147
1.0
148
0.0
149
0.0
100
AcDbLayout
  1
Layout1
 70
1
 71
1
 10
0.0
 20
0.0
 11
420.0
 21
297.0
 12
0.0
 22
0.0
 32
0.0
 14
1e+20
 24
1e+20
 34
1e+20
 15
-1e+20
 25
-1e+20
 35
-1e+20
146
0.0
 13
0.0
 23
0.0
 33
0.0
 16
1.0
 26
0.0
 36
0.0
 17
0.0
 27
1.0
 37
0.0
 76
1
330
1B
  0
MATERIAL
  5
1F
102
{ACAD_REACTORS
330
E
102
}
330
E
100
AcDbMaterial
  1
ByBlock
  2

 70
0
 40
1.0
 71
1
 41
1.0
 91
-1023410177
 42
1.0
 72
1
  3

 73
1
 74
1
 75
1
 44
0.5
 73
0
 45
1.0
 46
1.0
 77
1
  4

 78
1
 79
1
170
1
 48
1.0
171
1
  6

172
1
173
1
174
1
140
1.0
141
1.0
175
1
  7

176
1
177
1
178
1
143
1.0
179
1
  8

270
1
271
1
272
1
145
1.0
146
1.0
273
1
  9

274
1
275
1
276
1
 42
1.0
 72
1
  3

 73
1
 74
1
 75
1
 94
63
  0
MATERIAL
  5
20
102
{ACAD_REACTORS
330
E
102
}
330
E
100
AcDbMaterial
  1
ByLayer
  2

 70
0
 40
1.0
 71
1
 41
1.0
 91
-1023410177
 42
1.0
 72
1
  3

 73
1
 74
1
 75
1
 44
0.5
 73
0
 45
1.0
 46
1.0
 77
1
  4

 78
1
 79
1
170
1
 48
1.0
171
1
  6

172
1
173
1
174
1
140
1.0
141
1.0
175
1
  7

176
1
177
1
178
1
143
1.0
179
1
  8

270
1
271
1
272
1
145
1.0
146
1.0
273
1
  9

274
1
275
1
276
1
 42
1.0
 72
1
  3

 73
1
 74
1
 75
1
 94
63
  0
MATERIAL
  5
21
102
{ACAD_REACTORS
330
E
102
}
330
E
100
AcDbMaterial
  1
Global
  2

 70
0
 40
1.0
 71
1
 41
1.0
 91
-1023410177
 42
1.0
 72
1
  3

 73
1
 74
1
 75
1
 44
0.5
 73
0
 45
1.0
 46
1.0
 77
1
  4

 78
1
 79
1
170
1
 48
1.0
171
1
  6

172
1
173
1
174
1
140
1.0
141
1.0
175
1
  7

176
1
177
1
178
1
143
1.0
179
1
  8

270
1
271
1
272
1
145
1.0
146
1.0
273
1
  9

274
1
275
1
276
1
 42
1.0
 72
1
  3

 73
1
 74
1
 75
1
 94
63
  0
MLINESTYLE
  5
22
102
{ACAD_REACTORS
330
10
102
}
330
10
100
AcDbMlineStyle
  2
Standard
 70
0
  3

 62
256
 51
90.0
 52
90.0
 71
2
 49
0.5
 62
256
  6
BYLAYER
 49
-0.5
 62
256
  6
BYLAYER
  0
MLEADERSTYLE
  5
2C
102
{ACAD_REACTORS
330
F
102
}
330
F
100
AcDbMLeaderStyle
179
2
170
2
171
1
172
0
 90
2
 40
0.0
 41
0.0
173
1
 91
-1056964608
 92
-2
290
1
 42
2.0
291
1
 43
8.0
  3
Standard
 44
4.0
300

342
29
174
1
175
1
176
0
178
1
 93
-1056964608
 45
4.0
292
0
297
0
 46
4.0
 94
-1056964608
 47
1.0
 49
1.0
140
1.0
294
1
141
0.0
177
0
142
1.0
295
0
296
0
143
3.75
271
0
272
9
273
9
  0
DICTIONARY
  5
2D
330
A
100
AcDbDictionary
280
1
281
1
  3
CREATED_BY_EZDXF
350
2E
  3
WRITTEN_BY_EZDXF
350
567
  0
DICTIONARYVAR
  5
2E
330
2D
100
DictionaryVariables
280
0
  1
1.4.4 @ 2026-09-15T04:33:22.567931+00:00
  0
DICTIONARYVAR
  5
567
330
2D
100
DictionaryVariables
280
0
  1
1.4.4 @ 2026-09-15T04:33:22.657862+00:00
  0
ENDSEC
  0
EOF
